Index,URL,Domain,Path
1,https://www.magasin.ltd/,www.magasin.ltd,/
2,https://shopstyle.it/l/cgRZ9,shopstyle.it,/l/cgRZ9
3,https://shopstyle.it/l/chi3z,shopstyle.it,/l/chi3z
4,https://shareasale.com/r.cfm?b=2506991&u=2945491&m=151831&urllink=https://laurenmanoogian.com/products/double-knit-trench-2&afftrack=,shareasale.com,/r.cfm?b=2506991&u=2945491&m=151831&urllink=https://laurenmanoogian.com/products/double-knit-trench-2&afftrack=
5,https://click.linksynergy.com/deeplink?id=HI9qJnKdCI0&mid=43172&murl=https://www.mytheresa.com/us/en/women/the-row-gala-cady-wide-leg-pants-black-p00670061&u1=Laura-NL-S036073-2024-09-23,click.linksynergy.com,/deeplink?id=HI9qJnKdCI0&mid=43172&murl=https://www.mytheresa.com/us/en/women/the-row-gala-cady-wide-leg-pants-black-p00670061&u1=Laura-NL-S036073-2024-09-23
6,https://click.linksynergy.com/deeplink?id=HI9qJnKdCI0&mid=43172&murl=https://www.mytheresa.com/us/en/women/designers/the-row&u1=Laura-NL-S038985-2024-09-25,click.linksynergy.com,/deeplink?id=HI9qJnKdCI0&mid=43172&murl=https://www.mytheresa.com/us/en/women/designers/the-row&u1=Laura-NL-S038985-2024-09-25
7,https://shopstyle.it/l/chleK,shopstyle.it,/l/chleK
8,https://shopstyle.it/l/cgR0f,shopstyle.it,/l/cgR0f
9,https://shopstyle.it/l/chi1Z,shopstyle.it,/l/chi1Z
10,https://shareasale.com/r.cfm?b=2014986&u=3067693&m=124765&afftrack=Laura-NL-S035301-2024-10-20&urllink=https://shop-jamiehaller.com/products/the-penny-loafer-in-black,shareasale.com,/r.cfm?b=2014986&u=3067693&m=124765&afftrack=Laura-NL-S035301-2024-10-20&urllink=https://shop-jamiehaller.com/products/the-penny-loafer-in-black
11,https://click.linksynergy.com/deeplink?id=HI9qJnKdCI0&mid=43172&murl=https://www.mytheresa.com/us/en/women/the-row-patti-jersey-top-black-p00960840&u1=Laura-NL-S037375-2024-08-19,click.linksynergy.com,/deeplink?id=HI9qJnKdCI0&mid=43172&murl=https://www.mytheresa.com/us/en/women/the-row-patti-jersey-top-black-p00960840&u1=Laura-NL-S037375-2024-08-19
12,https://click.linksynergy.com/deeplink?id=HI9qJnKdCI0&mid=43172&murl=https://www.mytheresa.com/us/en/women/designers/extreme-cashmere&u1=Laura-NL-S039664-2024-10-19,click.linksynergy.com,/deeplink?id=HI9qJnKdCI0&mid=43172&murl=https://www.mytheresa.com/us/en/women/designers/extreme-cashmere&u1=Laura-NL-S039664-2024-10-19
13,https://click.linksynergy.com/deeplink?id=HI9qJnKdCI0&mid=43172&murl=https://www.mytheresa.com/us/en/women/new-arrivals/current-week&u1=Laura-NL-S039699-2024-10-20,click.linksynergy.com,/deeplink?id=HI9qJnKdCI0&mid=43172&murl=https://www.mytheresa.com/us/en/women/new-arrivals/current-week&u1=Laura-NL-S039699-2024-10-20
14,https://shopstyle.it/l/cgR0l,shopstyle.it,/l/cgR0l
15,https://www.shopneighbour.com/en-us/collections/cristaseya-womens/products/cristaseya-womens-corduroy-pleated-trousers-green,www.shopneighbour.com,/en-us/collections/cristaseya-womens/products/cristaseya-womens-corduroy-pleated-trousers-green
16,https://shopstyle.it/l/chkYs,shopstyle.it,/l/chkYs
17,https://go.shopmy.us/p-8790612,go.shopmy.us,/p-8790612
18,https://shopstyle.it/l/chk5x,shopstyle.it,/l/chk5x
19,https://shopstyle.it/l/chleL,shopstyle.it,/l/chleL
20,https://go.shopmy.us/p-8462989,go.shopmy.us,/p-8462989
21,https://www.shopneighbour.com/en-us/collections/cristaseya-womens,www.shopneighbour.com,/en-us/collections/cristaseya-womens
22,https://shopstyle.it/l/chjkq,shopstyle.it,/l/chjkq
23,https://go.shopmy.us/p-8790623,go.shopmy.us,/p-8790623
24,https://shopstyle.it/l/chk5y,shopstyle.it,/l/chk5y
25,https://shopstyle.it/l/chleM,shopstyle.it,/l/chleM
26,https://go.shopmy.us/p-8463005,go.shopmy.us,/p-8463005
27,https://go.shopmy.us/p-8772006,go.shopmy.us,/p-8772006
28,https://shopstyle.it/l/chjku,shopstyle.it,/l/chjku
29,https://shopstyle.it/l/chkXK,shopstyle.it,/l/chkXK
30,https://shopstyle.it/l/chk5A,shopstyle.it,/l/chk5A
31,https://shopstyle.it/l/chldL,shopstyle.it,/l/chldL
32,https://www.norlha.com/collections/luxury-yak-wool-scarves-shawls-accessories/products/overfelt-quartz-scarf,www.norlha.com,/collections/luxury-yak-wool-scarves-shawls-accessories/products/overfelt-quartz-scarf
33,https://shopstyle.it/l/chi2a,shopstyle.it,/l/chi2a
34,https://shopstyle.it/l/chjkw,shopstyle.it,/l/chjkw
35,https://go.shopmy.us/p-8790663,go.shopmy.us,/p-8790663
36,https://cristaseya.co/index.php,cristaseya.co,/index.php
37,https://bit.ly/3zWl59L,bit.ly,/3zWl59L
38,https://www.instagram.com/p/DAksrlFCISd/?img_index=1,www.instagram.com,/p/DAksrlFCISd/?img_index=1
39,https://click.linksynergy.com/deeplink?id=HI9qJnKdCI0&mid=43172&murl=https://www.mytheresa.com/us/en/women/the-row-frances-jacquard-slippers-black-p00902798&u1=Laura-NL-S039308-2024-10-09,click.linksynergy.com,/deeplink?id=HI9qJnKdCI0&mid=43172&murl=https://www.mytheresa.com/us/en/women/the-row-frances-jacquard-slippers-black-p00902798&u1=Laura-NL-S039308-2024-10-09
40,https://shopstyle.it/l/chjj9,shopstyle.it,/l/chjj9
41,https://click.linksynergy.com/deeplink?id=HI9qJnKdCI0&mid=43172&murl=https://www.mytheresa.com/us/en/women/lemaire-x-filt-croissant-leather-trimmed-bag-beige-p00952937&u1=Laura-NL-S037907-2024-08-16,click.linksynergy.com,/deeplink?id=HI9qJnKdCI0&mid=43172&murl=https://www.mytheresa.com/us/en/women/lemaire-x-filt-croissant-leather-trimmed-bag-beige-p00952937&u1=Laura-NL-S037907-2024-08-16
42,https://shopstyle.it/l/chk6D,shopstyle.it,/l/chk6D
43,https://poshmark.com/,poshmark.com,/
44,https://fforme.com/products/zoe-zip-leather-jacket,fforme.com,/products/zoe-zip-leather-jacket
45,https://shopstyle.it/l/chjkx,shopstyle.it,/l/chjkx
46,https://shopstyle.it/l/chkYF,shopstyle.it,/l/chkYF
47,https://www.oldstonetrade.com/,www.oldstonetrade.com,/
48,https://www.depop.com/,www.depop.com,/
49,https://click.linksynergy.com/deeplink?id=HI9qJnKdCI0&mid=43172&murl=https://www.mytheresa.com/us/en/women/extreme-cashmere-tina-cotton-and-cashmere-t-shirt-black-p00961766&u1=Laura-NL-S039658-2024-10-19,click.linksynergy.com,/deeplink?id=HI9qJnKdCI0&mid=43172&murl=https://www.mytheresa.com/us/en/women/extreme-cashmere-tina-cotton-and-cashmere-t-shirt-black-p00961766&u1=Laura-NL-S039658-2024-10-19
50,https://shopstyle.it/l/chi3Q,shopstyle.it,/l/chi3Q
51,https://shopstyle.it/l/chjky,shopstyle.it,/l/chjky
52,https://shopstyle.it/l/chkXS,shopstyle.it,/l/chkXS
53,https://samanamel.com/,samanamel.com,/
54,https://shopstyle.it/l/chlfO,shopstyle.it,/l/chlfO
55,https://click.linksynergy.com/deeplink?id=HI9qJnKdCI0&mid=43172&murl=https://www.mytheresa.com/us/en/women/khaite-cate-leather-shoulder-bag-black-p00970285&u1=Laura-NL-S039659-2024-10-19,click.linksynergy.com,/deeplink?id=HI9qJnKdCI0&mid=43172&murl=https://www.mytheresa.com/us/en/women/khaite-cate-leather-shoulder-bag-black-p00970285&u1=Laura-NL-S039659-2024-10-19
56,https://shopstyle.it/l/cgVV2,shopstyle.it,/l/cgVV2
57,https://go.shopmy.us/p-8774919,go.shopmy.us,/p-8774919
58,https://go.shopmy.us/p-8790681,go.shopmy.us,/p-8790681
59,https://www.norlha.com/,www.norlha.com,/
60,https://www.therow.com/,www.therow.com,/
61,https://click.linksynergy.com/deeplink?id=HI9qJnKdCI0&mid=43172&murl=https://www.mytheresa.com/us/en/women/extreme-cashmere-ndeg309-clover-cashmere-blend-cardigan-grey-p00981864&u1=Laura-NL-S039660-2024-10-19,click.linksynergy.com,/deeplink?id=HI9qJnKdCI0&mid=43172&murl=https://www.mytheresa.com/us/en/women/extreme-cashmere-ndeg309-clover-cashmere-blend-cardigan-grey-p00981864&u1=Laura-NL-S039660-2024-10-19
62,https://veronicadepiante.com/products/margaux-ankle-boots-in-leather-black,veronicadepiante.com,/products/margaux-ankle-boots-in-leather-black
63,https://shopstyle.it/l/chjkh,shopstyle.it,/l/chjkh
64,https://go.shopmy.us/p-8790691,go.shopmy.us,/p-8790691
65,https://chavastudio.com/,chavastudio.com,/
66,https://www.pjatr.com/t/8-12243-263041-187726?sid=Laura-NL-S001927-2024-09-14&website=37511&url=https://khaite.com/,www.pjatr.com,/t/8-12243-263041-187726?sid=Laura-NL-S001927-2024-09-14&website=37511&url=https://khaite.com/
67,https://go.shopmy.us/p-8767445,go.shopmy.us,/p-8767445
68,https://bit.ly/4f5iMR7,bit.ly,/4f5iMR7
69,https://shopstyle.it/l/chjkC,shopstyle.it,/l/chjkC
70,https://shopstyle.it/l/chkXX,shopstyle.it,/l/chkXX
71,https://go.shopmy.us/p-8792180,go.shopmy.us,/p-8792180
72,https://www.vinted.com/,www.vinted.com,/
73,https://shopstyle.it/l/chiFC,shopstyle.it,/l/chiFC
74,https://shopstyle.it/l/chiGh,shopstyle.it,/l/chiGh
75,https://go.shopmy.us/p-8774941,go.shopmy.us,/p-8774941
76,https://shopattersee.com/products/the-twill-mini-skirt-navy,shopattersee.com,/products/the-twill-mini-skirt-navy
77,https://shopstyle.it/l/chk5F,shopstyle.it,/l/chk5F
78,https://go.shopmy.us/p-8793669,go.shopmy.us,/p-8793669
79,https://www.camillesurault.com/products/blowblow-necklace-chain-small,www.camillesurault.com,/products/blowblow-necklace-chain-small
80,https://shopstyle.it/l/chi3V,shopstyle.it,/l/chi3V
81,https://shopstyle.it/l/chjl2,shopstyle.it,/l/chjl2
82,https://shopstyle.it/l/chkX1,shopstyle.it,/l/chkX1
83,https://shopstyle.it/l/chk5J,shopstyle.it,/l/chk5J
84,https://www.instagram.com/,www.instagram.com,/
85,https://lesundial.com/en-us/products/resin-vintage-bangle,lesundial.com,/en-us/products/resin-vintage-bangle
86,https://chavastudio.com/products/cropped-trouser-in-lightweight-wool,chavastudio.com,/products/cropped-trouser-in-lightweight-wool
87,https://go.shopmy.us/p-8774972,go.shopmy.us,/p-8774972
88,https://shopstyle.it/l/chkYS,shopstyle.it,/l/chkYS
89,https://shopstyle.it/l/chk6J,shopstyle.it,/l/chk6J
90,https://shopstyle.it/l/chlfd,shopstyle.it,/l/chlfd
91,https://babaa.es/category/women/jumpers/,babaa.es,/category/women/jumpers/
92,https://shopstyle.it/l/chi2k,shopstyle.it,/l/chi2k
93,https://shopstyle.it/l/chjl7,shopstyle.it,/l/chjl7
94,https://shopstyle.it/l/chkZH,shopstyle.it,/l/chkZH
95,https://duckiebrown.com/,duckiebrown.com,/
96,https://shopstyle.it/l/chlfX,shopstyle.it,/l/chlfX
97,https://shopstyle.it/l/chiQb,shopstyle.it,/l/chiQb
98,https://shopstyle.it/l/chi3Y,shopstyle.it,/l/chi3Y
99,https://shopstyle.it/l/chjkM,shopstyle.it,/l/chjkM
100,https://go.shopmy.us/p-8790769,go.shopmy.us,/p-8790769
101,https://go.shopmy.us/p-8792235,go.shopmy.us,/p-8792235
102,https://shopstyle.it/l/chlfe,shopstyle.it,/l/chlfe
103,https://shopstyle.it/l/chiQe,shopstyle.it,/l/chiQe
104,https://shopstyle.it/l/chi2n,shopstyle.it,/l/chi2n
105,https://chavastudio.com/products/cropped-tuxedo-shirt,chavastudio.com,/products/cropped-tuxedo-shirt
106,https://shopstyle.it/l/chkZK,shopstyle.it,/l/chkZK
107,https://shopstyle.it/l/chk5M,shopstyle.it,/l/chk5M
108,https://shopstyle.it/l/chlfY,shopstyle.it,/l/chlfY
109,https://bedjudewillford.com/products/chesterfield-coat-lime,bedjudewillford.com,/products/chesterfield-coat-lime
110,https://shopstyle.it/l/chi30,shopstyle.it,/l/chi30
111,https://shopstyle.it/l/chjkP,shopstyle.it,/l/chjkP
112,https://chavastudio.com/products/linen-garcon,chavastudio.com,/products/linen-garcon
113,https://go.shopmy.us/p-8792259,go.shopmy.us,/p-8792259
114,https://go.shopmy.us/p-8793710,go.shopmy.us,/p-8793710
115,https://shopstyle.it/l/cgVUc,shopstyle.it,/l/cgVUc
116,https://shopstyle.it/l/chi31,shopstyle.it,/l/chi31
117,https://go.shopmy.us/p-8775024,go.shopmy.us,/p-8775024
118,https://shopstyle.it/l/cgWfm,shopstyle.it,/l/cgWfm
119,https://go.shopmy.us/p-8792276,go.shopmy.us,/p-8792276
120,https://go.shopmy.us/p-8793720,go.shopmy.us,/p-8793720
121,https://bit.ly/4eYIi9Q,bit.ly,/4eYIi9Q
122,https://shopstyle.it/l/chi2q,shopstyle.it,/l/chi2q
123,https://shopstyle.it/l/chjmd,shopstyle.it,/l/chjmd
124,https://shopstyle.it/l/chkZM,shopstyle.it,/l/chkZM
125,https://shopstyle.it/l/chk5R,shopstyle.it,/l/chk5R
126,https://shopstyle.it/l/chlf5,shopstyle.it,/l/chlf5
127,https://shopstyle.it/l/cgVVg,shopstyle.it,/l/cgVVg
128,https://shopstyle.it/l/chi2r,shopstyle.it,/l/chi2r
129,https://jessekamm.world/products/sailor-pants-black,jessekamm.world,/products/sailor-pants-black
130,https://go.shopmy.us/p-8790816,go.shopmy.us,/p-8790816
131,https://shareasale.com/r.cfm?b=2316192&u=2945491&m=140535&urllink=https://coucouintimates.com/en-us&afftrack=,shareasale.com,/r.cfm?b=2316192&u=2945491&m=140535&urllink=https://coucouintimates.com/en-us&afftrack=
132,https://stoffa.co/products/mto-ivory-wool-silk-wave-crewneck-sweater?variant=gid://shopify/ProductVariant/48541606150421,stoffa.co,/products/mto-ivory-wool-silk-wave-crewneck-sweater?variant=gid://shopify/ProductVariant/48541606150421
133,https://go.shopmy.us/p-8772128,go.shopmy.us,/p-8772128
134,https://shopstyle.it/l/chjkT,shopstyle.it,/l/chjkT
135,https://shopstyle.it/l/chkY6,shopstyle.it,/l/chkY6
136,https://shareasale.com/r.cfm?b=2410661&u=2945491&m=146447&urllink=https://kyeintimates.com/&afftrack=,shareasale.com,/r.cfm?b=2410661&u=2945491&m=146447&urllink=https://kyeintimates.com/&afftrack=
137,https://beehivewoolshop.com/,beehivewoolshop.com,/
138,https://stoffa.co/products/mto-pearl-moss-flannel-extra-wide-single-pleat-trouser?variant=gid://shopify/ProductVariant/48541604053269,stoffa.co,/products/mto-pearl-moss-flannel-extra-wide-single-pleat-trouser?variant=gid://shopify/ProductVariant/48541604053269
139,https://go.shopmy.us/p-8772132,go.shopmy.us,/p-8772132
140,https://go.shopmy.us/p-8775050,go.shopmy.us,/p-8775050
141,https://shopstyle.it/l/chkZa,shopstyle.it,/l/chkZa
142,https://shopstyle.it/l/chk5V,shopstyle.it,/l/chk5V
143,https://shopstyle.it/l/chlfs,shopstyle.it,/l/chlfs
144,https://shopstyle.it/l/cgVWE,shopstyle.it,/l/cgVWE
145,https://shopstyle.it/l/chi2v,shopstyle.it,/l/chi2v
146,https://shopstyle.it/l/chjkU,shopstyle.it,/l/chjkU
147,https://www.shopneighbour.com/en-us/collections/une-heures-womens/products/une-heures-long-sleeve-crewneck-gris,www.shopneighbour.com,/en-us/collections/une-heures-womens/products/une-heures-long-sleeve-crewneck-gris
148,https://flore-flore.com/,flore-flore.com,/
149,https://shopstyle.it/l/chlfu,shopstyle.it,/l/chlfu
150,https://shopstyle.it/l/cgVWL,shopstyle.it,/l/cgVWL
151,https://go.shopmy.us/p-8772155,go.shopmy.us,/p-8772155
152,https://shopstyle.it/l/chjkY,shopstyle.it,/l/chjkY
153,https://shopstyle.it/l/chkZd,shopstyle.it,/l/chkZd
154,https://click.linksynergy.com/deeplink?id=HI9qJnKdCI0&mid=43172&murl=https://www.mytheresa.com/us/en/women/designers/nour-hammour&u1=Laura-NL-S039694-2024-10-20,click.linksynergy.com,/deeplink?id=HI9qJnKdCI0&mid=43172&murl=https://www.mytheresa.com/us/en/women/designers/nour-hammour&u1=Laura-NL-S039694-2024-10-20
155,https://shop-vestige.com/,shop-vestige.com,/
156,https://www.innerraum.com/product/object-i14-smartphone-bag-5/,www.innerraum.com,/product/object-i14-smartphone-bag-5/
157,https://shareasale.com/r.cfm?b=2506991&u=2945491&m=151831&urllink=https://laurenmanoogian.com/products/handknit-plait-cardigan?variant=45148596469926&afftrack=,shareasale.com,/r.cfm?b=2506991&u=2945491&m=151831&urllink=https://laurenmanoogian.com/products/handknit-plait-cardigan?variant=45148596469926&afftrack=
158,https://suzannerae.com/products/lug-sole-loafer-1,suzannerae.com,/products/lug-sole-loafer-1
159,https://thefrankieshop.com/products/the-garment-ankara-pants-trench,thefrankieshop.com,/products/the-garment-ankara-pants-trench
160,https://www.us.annethomas.fr/,www.us.annethomas.fr,/
161,https://maimounstore.com/collections/new-arrivals,maimounstore.com,/collections/new-arrivals
162,https://shopstyle.it/l/cgVWR,shopstyle.it,/l/cgVWR
163,https://shareasale.com/r.cfm?b=2506991&u=2945491&m=151831&urllink=https://laurenmanoogian.com/products/luster-bias-dress&afftrack=,shareasale.com,/r.cfm?b=2506991&u=2945491&m=151831&urllink=https://laurenmanoogian.com/products/luster-bias-dress&afftrack=
164,https://bit.ly/3Yupfij,bit.ly,/3Yupfij
165,https://shopstyle.it/l/chk5Z,shopstyle.it,/l/chk5Z
166,https://go.shopmy.us/p-8793773,go.shopmy.us,/p-8793773
167,https://shopstyle.it/l/chiO4,shopstyle.it,/l/chiO4
168,https://go.shopmy.us/p-8772187,go.shopmy.us,/p-8772187
169,https://bit.ly/408hX55,bit.ly,/408hX55
170,https://shopstyle.it/l/chkZk,shopstyle.it,/l/chkZk
171,https://shareasale.com/r.cfm?b=2506991&u=2945491&m=151831&urllink=https://laurenmanoogian.com/collections/shop&afftrack=,shareasale.com,/r.cfm?b=2506991&u=2945491&m=151831&urllink=https://laurenmanoogian.com/collections/shop&afftrack=
172,https://babaa.es/,babaa.es,/
173,https://click.linksynergy.com/deeplink?id=HI9qJnKdCI0&mid=43172&murl=https://www.mytheresa.com/us/en/women/the-row-90s-leather-shoulder-bag-red-p00947504&u1=Laura-NL-S039661-2024-10-19,click.linksynergy.com,/deeplink?id=HI9qJnKdCI0&mid=43172&murl=https://www.mytheresa.com/us/en/women/the-row-90s-leather-shoulder-bag-red-p00947504&u1=Laura-NL-S039661-2024-10-19
174,https://blackhorselane.com/collections/selvedge-jeans,blackhorselane.com,/collections/selvedge-jeans
175,https://bit.ly/40cmMuj,bit.ly,/40cmMuj
176,https://www.momoni.it/us/haruka-skirt-in-printed-silk-twill-multicolor-black-14-25034.html,www.momoni.it,/us/haruka-skirt-in-printed-silk-twill-multicolor-black-14-25034.html
177,https://go.shopmy.us/p-8792341,go.shopmy.us,/p-8792341
178,https://nu-swim.com/,nu-swim.com,/
179,https://shopstyle.it/l/chiO7,shopstyle.it,/l/chiO7
180,https://shopstyle.it/l/chi2F,shopstyle.it,/l/chi2F
181,https://shopstyle.it/l/chjk6,shopstyle.it,/l/chjk6
182,https://click.linksynergy.com/deeplink?id=HI9qJnKdCI0&mid=43172&murl=https://www.mytheresa.com/us/en/women/the-row-gala-cady-wide-leg-pants-black-p00670061&u1=Laura-NL-S036073-2024-10-19,click.linksynergy.com,/deeplink?id=HI9qJnKdCI0&mid=43172&murl=https://www.mytheresa.com/us/en/women/the-row-gala-cady-wide-leg-pants-black-p00670061&u1=Laura-NL-S036073-2024-10-19
183,https://go.shopmy.us/p-8792348,go.shopmy.us,/p-8792348
184,https://everybody.world/,everybody.world,/
185,https://shareasale.com/r.cfm?b=2014986&u=3067693&m=124765&afftrack=Laura-NL-S037374-2024-07-26&urllink=https://shop-jamiehaller.com/products/ballet-lth-2,shareasale.com,/r.cfm?b=2014986&u=3067693&m=124765&afftrack=Laura-NL-S037374-2024-07-26&urllink=https://shop-jamiehaller.com/products/ballet-lth-2
186,https://shopstyle.it/l/chi4i,shopstyle.it,/l/chi4i
187,https://shopstyle.it/l/chjk8,shopstyle.it,/l/chjk8
188,https://go.shopmy.us/p-8790896,go.shopmy.us,/p-8790896
189,https://emreitz.com/,emreitz.com,/
190,https://www.francesmay.com/,www.francesmay.com,/
191,https://shareasale.com/r.cfm?b=2014986&u=3067693&m=124765&afftrack=Laura-NL-S039662-2024-10-19&urllink=https://shop-jamiehaller.com/products/the-everything-pant-in-olive?srsltid=AfmBOopbWK84EjGI2s-G1J-Wos0AQIC2rFX65oSeuCzigsoM3p3Bd5KA,shareasale.com,/r.cfm?b=2014986&u=3067693&m=124765&afftrack=Laura-NL-S039662-2024-10-19&urllink=https://shop-jamiehaller.com/products/the-everything-pant-in-olive?srsltid=AfmBOopbWK84EjGI2s-G1J-Wos0AQIC2rFX65oSeuCzigsoM3p3Bd5KA
192,https://shopstyle.it/l/chi5U,shopstyle.it,/l/chi5U
193,https://shopstyle.it/l/chjk9,shopstyle.it,/l/chjk9
194,https://go.shopmy.us/p-8790910,go.shopmy.us,/p-8790910
195,https://www.nonnalietta.com/,www.nonnalietta.com,/
196,https://shopstyle.it/l/chlfA,shopstyle.it,/l/chlfA
197,https://sakspotts.com/collections/outerwear/products/moss-jacket-light-beige,sakspotts.com,/collections/outerwear/products/moss-jacket-light-beige
198,https://shopstyle.it/l/chi5W,shopstyle.it,/l/chi5W
199,https://shopstyle.it/l/chjmr,shopstyle.it,/l/chjmr
200,https://us.soeur.fr/?utm_source=affilae_content&utm_medium=affiliate&utm_campaign=SMTM&ae=433&aev=Laura-NL-S039695-2024-10-20,us.soeur.fr,/?utm_source=affilae_content&utm_medium=affiliate&utm_campaign=SMTM&ae=433&aev=Laura-NL-S039695-2024-10-20
201,https://www.rodebjer.com/us/home,www.rodebjer.com,/us/home
202,https://go.shopmy.us/p-8794501,go.shopmy.us,/p-8794501
203,https://bit.ly/3Ydh1dl,bit.ly,/3Ydh1dl
204,https://go.shopmy.us/p-8775109,go.shopmy.us,/p-8775109
205,https://shopstyle.it/l/chkZq,shopstyle.it,/l/chkZq
206,https://go.shopmy.us/p-8792397,go.shopmy.us,/p-8792397
207,https://rachelcomey.com/,rachelcomey.com,/
208,https://shopstyle.it/l/chliy,shopstyle.it,/l/chliy
209,https://emreitz.com/collections/shirts,emreitz.com,/collections/shirts
210,https://www.studiolucinda.com/products/035-medium-wale-cord-wide-leg-jeans?srsltid=AfmBOoqmy_8sn_vjFhqMiYyfvIRbYKPxUGrvdYybAvYpIavsRj4OdO26,www.studiolucinda.com,/products/035-medium-wale-cord-wide-leg-jeans?srsltid=AfmBOoqmy_8sn_vjFhqMiYyfvIRbYKPxUGrvdYybAvYpIavsRj4OdO26
211,https://shopstyle.it/l/chkZt,shopstyle.it,/l/chkZt
212,https://shopstyle.it/l/chk63,shopstyle.it,/l/chk63
213,https://www.zara.com/,www.zara.com,/
214,https://shopstyle.it/l/chliB,shopstyle.it,/l/chliB
215,https://www.velasca.com/products/giulietta-ts,www.velasca.com,/products/giulietta-ts
216,https://shopstyle.it/l/chjpq,shopstyle.it,/l/chjpq
217,https://tibi.com/products/shirting-gabe-oversized-shirt-blue,tibi.com,/products/shirting-gabe-oversized-shirt-blue
218,https://go.shopmy.us/p-8792415,go.shopmy.us,/p-8792415
219,https://www.loq.us/,www.loq.us,/
220,https://lexxfingermarche.com/product/detail.html?product_no=1780&cate_no=51&display_group=1,lexxfingermarche.com,/product/detail.html?product_no=1780&cate_no=51&display_group=1
221,https://shopstyle.it/l/chi4o,shopstyle.it,/l/chi4o
222,https://shopstyle.it/l/chjn1,shopstyle.it,/l/chjn1
223,https://shopstyle.it/l/chkZy,shopstyle.it,/l/chkZy
224,https://shopstyle.it/l/chk7N,shopstyle.it,/l/chk7N
225,https://go.shopmy.us/p-8793845,go.shopmy.us,/p-8793845
226,https://shopstyle.it/l/cgVW3,shopstyle.it,/l/cgVW3
227,https://caroncallahan.com/products/margaret-platform-cognac-embossed-leather,caroncallahan.com,/products/margaret-platform-cognac-embossed-leather
228,https://shopstyle.it/l/chjps,shopstyle.it,/l/chjps
229,https://shopstyle.it/l/chkZA,shopstyle.it,/l/chkZA
230,https://shareasale.com/r.cfm?b=1598370&u=2945491&m=100354&urllink=https://www.shainamote.com/&afftrack=,shareasale.com,/r.cfm?b=1598370&u=2945491&m=100354&urllink=https://www.shainamote.com/&afftrack=
231,https://shopstyle.it/l/chlfF,shopstyle.it,/l/chlfF
232,https://www.instagram.com/p/DAnidPJR8Jf/?img_index=1,www.instagram.com,/p/DAnidPJR8Jf/?img_index=1
233,https://bit.ly/3A337SY,bit.ly,/3A337SY
234,https://go.shopmy.us/p-8776051,go.shopmy.us,/p-8776051
235,https://tibi.com/collections/suits,tibi.com,/collections/suits
236,https://go.shopmy.us/p-8792436,go.shopmy.us,/p-8792436
237,https://shopstyle.it/l/chlfG,shopstyle.it,/l/chlfG
238,https://shareasale.com/r.cfm?b=2506991&u=2945491&m=151831&urllink=https://laurenmanoogian.com/products/handknit-peplum-shell&afftrack=,shareasale.com,/r.cfm?b=2506991&u=2945491&m=151831&urllink=https://laurenmanoogian.com/products/handknit-peplum-shell&afftrack=
239,https://us.soeur.fr/products/chemise-croatie-marron-che1519croatie24wmar03,us.soeur.fr,/products/chemise-croatie-marron-che1519croatie24wmar03
240,https://bit.ly/4f1Jg5s,bit.ly,/4f1Jg5s
241,https://shopstyle.it/l/chk0g,shopstyle.it,/l/chk0g
242,https://shopstyle.it/l/chk7S,shopstyle.it,/l/chk7S
243,https://go.shopmy.us/p-8793872,go.shopmy.us,/p-8793872
244,https://jpressonline.com/products/shaggy-dog-baseball-cap-black,jpressonline.com,/products/shaggy-dog-baseball-cap-black
245,https://go.shopmy.us/p-8776063,go.shopmy.us,/p-8776063
246,https://shopstyle.it/l/chk0j,shopstyle.it,/l/chk0j
247,https://shopstyle.it/l/chk7T,shopstyle.it,/l/chk7T
248,https://shopstyle.it/l/chlfI,shopstyle.it,/l/chlfI
249,https://shopstyle.it/l/chiQA,shopstyle.it,/l/chiQA
250,https://shopstyle.it/l/chi4y,shopstyle.it,/l/chi4y
251,https://bit.ly/4f88DT8,bit.ly,/4f88DT8
252,https://shopstyle.it/l/chk0k,shopstyle.it,/l/chk0k
253,https://shopstyle.it/l/chk7V,shopstyle.it,/l/chk7V
254,https://www.gravitypope.com/,www.gravitypope.com,/
255,https://bit.ly/40fR4MH,bit.ly,/40fR4MH
256,https://frontgeneralstore.com/collections/haruta/products/leather-707xl-loafer-black,frontgeneralstore.com,/collections/haruta/products/leather-707xl-loafer-black
257,https://shopstyle.it/l/chjn7,shopstyle.it,/l/chjn7
258,https://shopstyle.it/l/chk0l,shopstyle.it,/l/chk0l
259,https://go.shopmy.us/p-8792462,go.shopmy.us,/p-8792462
260,https://www.shopneighbour.com/en-us,www.shopneighbour.com,/en-us
261,https://saint-thestore.com/products/classic-leather-belt-brass,saint-thestore.com,/products/classic-leather-belt-brass
262,https://shopstyle.it/l/chjoa,shopstyle.it,/l/chjoa
263,https://shopstyle.it/l/chk1k,shopstyle.it,/l/chk1k
264,https://shopstyle.it/l/chk7a,shopstyle.it,/l/chk7a
265,https://www.dpto.la/,www.dpto.la,/
266,https://shopstyle.it/l/chliV,shopstyle.it,/l/chliV
267,https://shopstyle.it/l/chi6i,shopstyle.it,/l/chi6i
268,https://shopstyle.it/l/chjpJ,shopstyle.it,/l/chjpJ
269,https://shopstyle.it/l/chk0o,shopstyle.it,/l/chk0o
270,https://shopstyle.it/l/chk7X,shopstyle.it,/l/chk7X
271,https://shopstyle.it/l/chlfL,shopstyle.it,/l/chlfL
272,https://shopstyle.it/l/chiPk,shopstyle.it,/l/chiPk
273,https://shopstyle.it/l/chi6n,shopstyle.it,/l/chi6n
274,https://shopstyle.it/l/chjpL,shopstyle.it,/l/chjpL
275,https://nu-swim.com/products/organic-cotton-sun-tank,nu-swim.com,/products/organic-cotton-sun-tank
276,https://shopstyle.it/l/chk7c,shopstyle.it,/l/chk7c
277,https://www.instagram.com/larakoleji/?hl=en,www.instagram.com,/larakoleji/?hl=en
278,https://go.shopmy.us/p-8504111,go.shopmy.us,/p-8504111
279,https://shopstyle.it/l/chi4G,shopstyle.it,/l/chi4G
280,https://nu-swim.com/products/nu-swim-organic-cotton-smile-sweatshirt,nu-swim.com,/products/nu-swim-organic-cotton-smile-sweatshirt
281,https://shopstyle.it/l/chk1m,shopstyle.it,/l/chk1m
282,https://shopstyle.it/l/chk7e,shopstyle.it,/l/chk7e
283,https://go.shopmy.us/p-8793938,go.shopmy.us,/p-8793938
284,https://bit.ly/47Yywm1,bit.ly,/47Yywm1
285,https://shopstyle.it/l/chi6u,shopstyle.it,/l/chi6u
286,https://www.eileenfisherrenew.com/products/organic-stretch-french-terry-pant_ypant-hnsu3-9_black?variant=47813367529768,www.eileenfisherrenew.com,/products/organic-stretch-french-terry-pant_ypant-hnsu3-9_black?variant=47813367529768
287,https://go.shopmy.us/p-8792512,go.shopmy.us,/p-8792512
288,https://bit.ly/4ddXyjn,bit.ly,/4ddXyjn
289,https://shopstyle.it/l/chiQC,shopstyle.it,/l/chiQC
290,https://shopstyle.it/l/chi6x,shopstyle.it,/l/chi6x
291,https://shareasale.com/r.cfm?b=2316192&u=2945491&m=140535&urllink=https://coucouintimates.com/en-us/products/the-baby-tee-pointelle-white?srsltid=AfmBOoplnh1fRxf9aBxfcBNg5Ft1YYzO8SNe-W7MpTiccsEidurYTnf1&afftrack=,shareasale.com,/r.cfm?b=2316192&u=2945491&m=140535&urllink=https://coucouintimates.com/en-us/products/the-baby-tee-pointelle-white?srsltid=AfmBOoplnh1fRxf9aBxfcBNg5Ft1YYzO8SNe-W7MpTiccsEidurYTnf1&afftrack=
292,https://shopstyle.it/l/chk70,shopstyle.it,/l/chk70
293,https://shopstyle.it/l/chlgy,shopstyle.it,/l/chlgy
294,https://emreitz.com/collections/bakers-apprentice,emreitz.com,/collections/bakers-apprentice
295,https://go.shopmy.us/p-8772427,go.shopmy.us,/p-8772427
296,https://shopstyle.it/l/chk0r,shopstyle.it,/l/chk0r
297,https://shopstyle.it/l/chk71,shopstyle.it,/l/chk71
298,https://www.ilduomo.it/,www.ilduomo.it,/
299,https://go.shopmy.us/p-8504166,go.shopmy.us,/p-8504166
300,https://shopstyle.it/l/chi4U,shopstyle.it,/l/chi4U
301,https://go.shopmy.us/p-8791089,go.shopmy.us,/p-8791089
302,https://shopstyle.it/l/chk7j,shopstyle.it,/l/chk7j
303,https://bit.ly/4fdacPA,bit.ly,/4fdacPA
304,https://bit.ly/3zSI05H,bit.ly,/3zSI05H
305,https://go.shopmy.us/p-8772445,go.shopmy.us,/p-8772445
306,https://shopstyle.it/l/chjog,shopstyle.it,/l/chjog
307,https://nu-swim.com/products/organic-cotton-rego-pants,nu-swim.com,/products/organic-cotton-rego-pants
308,https://bit.ly/40bPH1J,bit.ly,/40bPH1J
309,https://www.eugeniedetroit.com/,www.eugeniedetroit.com,/
310,https://go.shopmy.us/p-8769868,go.shopmy.us,/p-8769868
311,https://go.shopmy.us/p-8772457,go.shopmy.us,/p-8772457
312,https://go.shopmy.us/p-8776129,go.shopmy.us,/p-8776129
313,https://nu-swim.com/products/organic-cotton-sport-bra,nu-swim.com,/products/organic-cotton-sport-bra
314,https://bit.ly/3xZcPV1,bit.ly,/3xZcPV1
315,https://leminor.fr/en,leminor.fr,/en
316,https://go.shopmy.us/p-8772465,go.shopmy.us,/p-8772465
317,https://santangelo.studio/HIGH-ON-HOPE-NECKLACE-Blue-Lapis,santangelo.studio,/HIGH-ON-HOPE-NECKLACE-Blue-Lapis
318,https://go.shopmy.us/p-8791122,go.shopmy.us,/p-8791122
319,https://shopstyle.it/l/chk76,shopstyle.it,/l/chk76
320,https://tricotparis.com/,tricotparis.com,/
321,https://world.skallstudio.com/products/jude-skirt-skirt-black-1,world.skallstudio.com,/products/jude-skirt-skirt-black-1
322,https://shopstyle.it/l/chi4Z,shopstyle.it,/l/chi4Z
323,https://go.shopmy.us/p-8776136,go.shopmy.us,/p-8776136
324,https://babaa.es/shop/women/jumpers/jumper-woman-no16-natural/,babaa.es,/shop/women/jumpers/jumper-woman-no16-natural/
325,https://shopstyle.it/l/chk7o,shopstyle.it,/l/chk7o
326,https://maguireshoes.com/,maguireshoes.com,/
327,https://us.soeur.fr/products/manteau-coligny-chataigne-man1505coligny24wmar25?utm_source=affilae_content&utm_medium=affiliate&utm_campaign=SMTM&ae=433&aev=Laura-NL-S039386-2024-10-10,us.soeur.fr,/products/manteau-coligny-chataigne-man1505coligny24wmar25?utm_source=affilae_content&utm_medium=affiliate&utm_campaign=SMTM&ae=433&aev=Laura-NL-S039386-2024-10-10
328,https://go.shopmy.us/p-8772500,go.shopmy.us,/p-8772500
329,https://go.shopmy.us/p-8791139,go.shopmy.us,/p-8791139
330,https://shopstyle.it/l/chk79,shopstyle.it,/l/chk79
331,https://www.shopnonna.com/,www.shopnonna.com,/
332,https://www.nonnalietta.com/product/rib-ruffle-woollen-jumper-orchid/,www.nonnalietta.com,/product/rib-ruffle-woollen-jumper-orchid/
333,https://go.shopmy.us/p-8772530,go.shopmy.us,/p-8772530
334,https://shopstyle.it/l/chjol,shopstyle.it,/l/chjol
335,https://go.shopmy.us/p-8791157,go.shopmy.us,/p-8791157
336,https://go.shopmy.us/p-8792574,go.shopmy.us,/p-8792574
337,https://bonadrag.com/laurareilly___,bonadrag.com,/laurareilly___
338,https://shopstyle.it/l/chiQH,shopstyle.it,/l/chiQH
339,https://apresstudio.com.au/products/shortcake-gingham-bubble-dress,apresstudio.com.au,/products/shortcake-gingham-bubble-dress
340,https://shopstyle.it/l/chjpW,shopstyle.it,/l/chjpW
341,https://shopstyle.it/l/chk0A,shopstyle.it,/l/chk0A
342,https://shopstyle.it/l/chk8e,shopstyle.it,/l/chk8e
343,https://lensemble.us/,lensemble.us,/
344,https://shopstyle.it/l/chiPr,shopstyle.it,/l/chiPr
345,https://shopstyle.it/l/chi43,shopstyle.it,/l/chi43
346,https://bit.ly/4dNxFWA,bit.ly,/4dNxFWA
347,https://go.shopmy.us/p-8800647,go.shopmy.us,/p-8800647
348,https://go.shopmy.us/p-8792584,go.shopmy.us,/p-8792584
349,https://bit.ly/3PgMesz,bit.ly,/3PgMesz
350,https://jacquessoloviereparis.com/en-us/collections/derby/products/matt-new-black,jacquessoloviereparis.com,/en-us/collections/derby/products/matt-new-black
351,https://go.shopmy.us/p-8772560,go.shopmy.us,/p-8772560
352,https://shopstyle.it/l/cgWcv,shopstyle.it,/l/cgWcv
353,https://shopstyle.it/l/chk0E,shopstyle.it,/l/chk0E
354,https://shopstyle.it/l/chk7u,shopstyle.it,/l/chk7u
355,https://bit.ly/3Pk2F6n,bit.ly,/3Pk2F6n
356,https://go.shopmy.us/p-8769897,go.shopmy.us,/p-8769897
357,https://shopstyle.it/l/cgV3V,shopstyle.it,/l/cgV3V
358,https://bit.ly/4f2jo9H,bit.ly,/4f2jo9H
359,https://go.shopmy.us/p-8791182,go.shopmy.us,/p-8791182
360,https://fm669.us/,fm669.us,/
361,https://www.arket.com/en/index.html,www.arket.com,/en/index.html
362,https://go.shopmy.us/p-8769903,go.shopmy.us,/p-8769903
363,https://bit.ly/40gNXEt,bit.ly,/40gNXEt
364,https://shopstyle.it/l/chjpX,shopstyle.it,/l/chjpX
365,https://chavastudio.com/products/oversized-four-season-shirt-in-blue-stripe-1,chavastudio.com,/products/oversized-four-season-shirt-in-blue-stripe-1
366,https://freitag.ch/en_US/products/bags,freitag.ch,/en_US/products/bags
367,https://www.instagram.com/tumbao.world/?hl=en,www.instagram.com,/tumbao.world/?hl=en
368,https://shopstyle.it/l/chlrb,shopstyle.it,/l/chlrb
369,https://shopstyle.it/l/chi6S,shopstyle.it,/l/chi6S
370,https://shopstyle.it/l/chjpZ,shopstyle.it,/l/chjpZ
371,https://click.linksynergy.com/deeplink?id=HI9qJnKdCI0&mid=43172&murl=https://www.mytheresa.com/us/en/women/toteme-leather-thong-sandals-black-p00650156&u1=Laura-NL-S039691-2024-10-20,click.linksynergy.com,/deeplink?id=HI9qJnKdCI0&mid=43172&murl=https://www.mytheresa.com/us/en/women/toteme-leather-thong-sandals-black-p00650156&u1=Laura-NL-S039691-2024-10-20
372,https://go.shopmy.us/p-8792603,go.shopmy.us,/p-8792603
373,https://www.demaria-nyc.com/,www.demaria-nyc.com,/
374,https://www.tiffany.com/jewelry/necklaces-pendants/elsa-peretti-bean-design-pendant-GRP11429/elsa-peretti-bean-design-pendant-25340787/,www.tiffany.com,/jewelry/necklaces-pendants/elsa-peretti-bean-design-pendant-GRP11429/elsa-peretti-bean-design-pendant-25340787/
375,https://shopstyle.it/l/chi6T,shopstyle.it,/l/chi6T
376,https://shopstyle.it/l/chjp0,shopstyle.it,/l/chjp0
377,https://shopstyle.it/l/chk0L,shopstyle.it,/l/chk0L
378,https://shopstyle.it/l/chk8g,shopstyle.it,/l/chk8g
379,https://toteme.com/,toteme.com,/
380,https://shopstyle.it/l/chiQW,shopstyle.it,/l/chiQW
381,https://shopstyle.it/l/chi5c,shopstyle.it,/l/chi5c
382,https://shopstyle.it/l/chjp1,shopstyle.it,/l/chjp1
383,https://rachelcomey.com/products/web-bag-lthr-beads-macrame,rachelcomey.com,/products/web-bag-lthr-beads-macrame
384,https://go.shopmy.us/p-8792619,go.shopmy.us,/p-8792619
385,https://sevenwonderscollective.com/,sevenwonderscollective.com,/
386,https://shopstyle.it/l/chlri,shopstyle.it,/l/chlri
387,https://go.shopmy.us/p-8772621,go.shopmy.us,/p-8772621
388,https://shopstyle.it/l/chjos,shopstyle.it,/l/chjos
389,https://shopstyle.it/l/chk0M,shopstyle.it,/l/chk0M
390,https://www.room-aesthetic.com/shop-1,www.room-aesthetic.com,/shop-1
391,https://maryamnassirzadeh.com/,maryamnassirzadeh.com,/
392,https://shopstyle.it/l/chiQ0,shopstyle.it,/l/chiQ0
393,https://shopstyle.it/l/chi63,shopstyle.it,/l/chi63
394,https://shopstyle.it/l/chjou,shopstyle.it,/l/chjou
395,https://shopstyle.it/l/chk0P,shopstyle.it,/l/chk0P
396,https://shopstyle.it/l/chk7F,shopstyle.it,/l/chk7F
397,https://www.carmenamsterdam.com/,www.carmenamsterdam.com,/
398,https://shopstyle.it/l/chiPG,shopstyle.it,/l/chiPG
399,https://shopstyle.it/l/chi68,shopstyle.it,/l/chi68
400,https://shopstyle.it/l/cgWeO,shopstyle.it,/l/cgWeO
401,https://shopstyle.it/l/chk0T,shopstyle.it,/l/chk0T
402,https://shopstyle.it/l/chk7G,shopstyle.it,/l/chk7G
403,https://muyfragilshop.com/,muyfragilshop.com,/
404,https://click.linksynergy.com/deeplink?id=HI9qJnKdCI0&mid=43172&murl=https://www.mytheresa.com/us/en/women/the-row-liisa-leather-pumps-red-p00935132&u1=Laura-NL-S039663-2024-10-19,click.linksynergy.com,/deeplink?id=HI9qJnKdCI0&mid=43172&murl=https://www.mytheresa.com/us/en/women/the-row-liisa-leather-pumps-red-p00935132&u1=Laura-NL-S039663-2024-10-19
405,https://shopstyle.it/l/chi69,shopstyle.it,/l/chi69
406,https://bit.ly/4he0w9y,bit.ly,/4he0w9y
407,https://shopstyle.it/l/chk1N,shopstyle.it,/l/chk1N
408,https://shopstyle.it/l/chk7H,shopstyle.it,/l/chk7H
409,https://www.instagram.com/nhogirl/?hl=en,www.instagram.com,/nhogirl/?hl=en
410,https://bit.ly/4f5dQM5,bit.ly,/4f5dQM5
411,https://go.shopmy.us/p-8772693,go.shopmy.us,/p-8772693
412,https://shopstyle.it/l/chjp2,shopstyle.it,/l/chjp2
413,https://bode.com/products/black-leather-house-shoe,bode.com,/products/black-leather-house-shoe
414,https://bedjudewillford.com/,bedjudewillford.com,/
415,https://violalovely.com/password,violalovely.com,/password
416,https://go.shopmy.us/p-8769962,go.shopmy.us,/p-8769962
417,https://shopstyle.it/l/chi5j,shopstyle.it,/l/chi5j
418,https://shopstyle.it/l/chjp3,shopstyle.it,/l/chjp3
419,https://stoffa.co/products/dark-indigo-peached-cotton-straight-single-pleat-trouser?srsltid=AfmBOorkKsEpGhuIkyDTF8G3tdrqZx8hMbFkBIYjSeST4svrwCAQQqMY,stoffa.co,/products/dark-indigo-peached-cotton-straight-single-pleat-trouser?srsltid=AfmBOorkKsEpGhuIkyDTF8G3tdrqZx8hMbFkBIYjSeST4svrwCAQQqMY
420,https://ceciletulkens.com/,ceciletulkens.com,/
421,https://sensoria.co/,sensoria.co,/
422,https://go.shopmy.us/p-8769998,go.shopmy.us,/p-8769998
423,https://shopstyle.it/l/chlCY,shopstyle.it,/l/chlCY
424,https://www.phoebephilo.com/en_gb/milanese-jacket-pale-lilac-wool,www.phoebephilo.com,/en_gb/milanese-jacket-pale-lilac-wool
425,https://shopstyle.it/l/chk1Q,shopstyle.it,/l/chk1Q
426,https://stoffa.co/,stoffa.co,/
427,https://grocerycopenhagen.com/en-us,grocerycopenhagen.com,/en-us
428,https://shareasale.com/r.cfm?b=2316192&u=2945491&m=140535&urllink=https://coucouintimates.com/en-us/collections/intimates&afftrack=,shareasale.com,/r.cfm?b=2316192&u=2945491&m=140535&urllink=https://coucouintimates.com/en-us/collections/intimates&afftrack=
429,https://shopstyle.it/l/chi7e,shopstyle.it,/l/chi7e
430,https://www.phoebephilo.com/en_us/gig-pouch-black-leather,www.phoebephilo.com,/en_us/gig-pouch-black-leather
431,https://hope-sthlm.com/en-us/products/wide-leg-jeans-rinsed-black?variant=50551916659017,hope-sthlm.com,/en-us/products/wide-leg-jeans-rinsed-black?variant=50551916659017
432,https://shopstyle.it/l/chk9p,shopstyle.it,/l/chk9p
433,https://colbo.nyc/,colbo.nyc,/
434,https://go.shopmy.us/p-8770012,go.shopmy.us,/p-8770012
435,https://go.shopmy.us/p-8772718,go.shopmy.us,/p-8772718
436,https://www.phoebephilo.com/en_us/soft-square-toe-pump-90-black-leather,www.phoebephilo.com,/en_us/soft-square-toe-pump-90-black-leather
437,https://shopstyle.it/l/chk04,shopstyle.it,/l/chk04
438,https://shopstyle.it/l/chk8u,shopstyle.it,/l/chk8u
439,https://www.resee.com/en/,www.resee.com,/en/
440,https://go.shopmy.us/p-8770026,go.shopmy.us,/p-8770026
441,https://bit.ly/3NuMPFs,bit.ly,/3NuMPFs
442,https://stoffa.co/collections/wave-jackets,stoffa.co,/collections/wave-jackets
443,https://shopstyle.it/l/chk8w,shopstyle.it,/l/chk8w
444,https://go.shopmy.us/p-8794156,go.shopmy.us,/p-8794156
445,https://shopstyle.it/l/cgVYV,shopstyle.it,/l/cgVYV
446,https://shopstyle.it/l/chlCd,shopstyle.it,/l/chlCd
447,https://shopstyle.it/l/chjp6,shopstyle.it,/l/chjp6
448,https://stoffa.co/products/black-plonge-leather-flight-jacket,stoffa.co,/products/black-plonge-leather-flight-jacket
449,https://o-files.com/,o-files.com,/
450,https://london.doverstreetmarket.com/,london.doverstreetmarket.com,/
451,https://go.shopmy.us/p-8770035,go.shopmy.us,/p-8770035
452,https://go.shopmy.us/p-8505439,go.shopmy.us,/p-8505439
453,https://www.phoebephilo.com/en_us/funnel-neck-jumper-melange-grey-wool-cashmere,www.phoebephilo.com,/en_us/funnel-neck-jumper-melange-grey-wool-cashmere
454,https://shopstyle.it/l/chk1V,shopstyle.it,/l/chk1V
455,https://ifsohonewyork.com/,ifsohonewyork.com,/
456,https://go.shopmy.us/p-8770043,go.shopmy.us,/p-8770043
457,https://bit.ly/4eDmEse,bit.ly,/4eDmEse
458,https://shopstyle.it/l/chjqa,shopstyle.it,/l/chjqa
459,https://shopnanin.com/,shopnanin.com,/
460,https://shopstyle.it/l/cgVY2,shopstyle.it,/l/cgVY2
461,https://www.zara.com/us/en/circular-leather-belt-with-flowers-p01736209.html,www.zara.com,/us/en/circular-leather-belt-with-flowers-p01736209.html
462,https://click.linksynergy.com/deeplink?id=HI9qJnKdCI0&mid=43172&murl=https://www.mytheresa.com/us/en/women/chloe-edith-leather-knee-high-boots-neutrals-p00607599&u1=Laura-NL-S039679-2024-10-19,click.linksynergy.com,/deeplink?id=HI9qJnKdCI0&mid=43172&murl=https://www.mytheresa.com/us/en/women/chloe-edith-leather-knee-high-boots-neutrals-p00607599&u1=Laura-NL-S039679-2024-10-19
463,https://www.brookecallahan.com/shop,www.brookecallahan.com,/shop
464,https://www.brookecallahan.com/,www.brookecallahan.com,/
465,https://shopamomento.com/,shopamomento.com,/
466,https://bit.ly/3UfhOJm,bit.ly,/3UfhOJm
467,https://shopstyle.it/l/chi5p,shopstyle.it,/l/chi5p
468,https://maydi.co/product/parana/,maydi.co,/product/parana/
469,https://shopstyle.it/l/chk1Z,shopstyle.it,/l/chk1Z
470,https://www.phoebephilo.com/en_gb/view-all,www.phoebephilo.com,/en_gb/view-all
471,https://nagnata.com/,nagnata.com,/
472,https://shopstyle.it/l/chiRB,shopstyle.it,/l/chiRB
473,https://bit.ly/4eGIsDf,bit.ly,/4eGIsDf
474,https://go.shopmy.us/p-8776310,go.shopmy.us,/p-8776310
475,https://shopstyle.it/l/chk11,shopstyle.it,/l/chk11
476,https://shopstyle.it/l/chk8B,shopstyle.it,/l/chk8B
477,https://www.mercari.com/,www.mercari.com,/
478,https://www.therow.com/products/soft-margaux-17-black,www.therow.com,/products/soft-margaux-17-black
479,https://shopstyle.it/l/chi7q,shopstyle.it,/l/chi7q
480,https://shopstyle.it/l/chjoG,shopstyle.it,/l/chjoG
481,https://shopstyle.it/l/chk12,shopstyle.it,/l/chk12
482,https://shopstyle.it/l/chk8F,shopstyle.it,/l/chk8F
483,https://buyee.jp/,buyee.jp,/
484,https://shopstyle.it/l/chiRG,shopstyle.it,/l/chiRG
485,https://shopstyle.it/l/chi7r,shopstyle.it,/l/chi7r
486,https://shopstyle.it/l/chjoH,shopstyle.it,/l/chjoH
487,https://shopstyle.it/l/chk14,shopstyle.it,/l/chk14
488,https://go.shopmy.us/p-8792694,go.shopmy.us,/p-8792694
489,https://www.twoscompany.com/,www.twoscompany.com,/
490,https://go.shopmy.us/p-8770084,go.shopmy.us,/p-8770084
491,https://bit.ly/4feanud,bit.ly,/4feanud
492,https://shopstyle.it/l/chjoJ,shopstyle.it,/l/chjoJ
493,https://shopstyle.it/l/chk16,shopstyle.it,/l/chk16
494,https://shopattersee.com/,shopattersee.com,/
495,https://tokio7ny.com/,tokio7ny.com,/
496,https://go.shopmy.us/p-8770098,go.shopmy.us,/p-8770098
497,https://shopstyle.it/l/chi7y,shopstyle.it,/l/chi7y
498,https://shopstyle.it/l/chjqe,shopstyle.it,/l/chjqe
499,https://shopattersee.com/collections/the-sculpted-vest,shopattersee.com,/collections/the-sculpted-vest
500,https://maydi.co/en/,maydi.co,/en/
501,https://shopstyle.it/l/chlg7,shopstyle.it,/l/chlg7
502,https://www.vonsono.de/collections/jackets/products/juri-jacket-mud-grey,www.vonsono.de,/collections/jackets/products/juri-jacket-mud-grey
503,https://shopstyle.it/l/chi5I,shopstyle.it,/l/chi5I
504,https://shopstyle.it/l/chjoM,shopstyle.it,/l/chjoM
505,https://go.shopmy.us/p-8791463,go.shopmy.us,/p-8791463
506,https://shopstyle.it/l/chk8J,shopstyle.it,/l/chk8J
507,https://babaa.es/tag/cotton/,babaa.es,/tag/cotton/
508,https://shopstyle.it/l/chi7C,shopstyle.it,/l/chi7C
509,https://shopstyle.it/l/chjoO,shopstyle.it,/l/chjoO
510,https://shopstyle.it/l/chk2c,shopstyle.it,/l/chk2c
511,https://shopstyle.it/l/chk9F,shopstyle.it,/l/chk9F
512,https://bit.ly/3UgOrqb,bit.ly,/3UgOrqb
513,https://shopstyle.it/l/chi5N,shopstyle.it,/l/chi5N
514,https://shopstyle.it/l/chjoP,shopstyle.it,/l/chjoP
515,https://shopstyle.it/l/chk2W,shopstyle.it,/l/chk2W
516,https://shopstyle.it/l/chk9G,shopstyle.it,/l/chk9G
517,https://world.skallstudio.com/products/gaby-jacket-jacket-black?geo,world.skallstudio.com,/products/gaby-jacket-jacket-black?geo
518,https://shopstyle.it/l/chi7G,shopstyle.it,/l/chi7G
519,https://shopstyle.it/l/chjqn,shopstyle.it,/l/chjqn
520,https://shopstyle.it/l/chk2d,shopstyle.it,/l/chk2d
521,https://shopstyle.it/l/chk8S,shopstyle.it,/l/chk8S
522,https://shopstyle.it/l/chlqU,shopstyle.it,/l/chlqU
523,https://go.shopmy.us/p-8772816,go.shopmy.us,/p-8772816
524,https://go.shopmy.us/p-8776369,go.shopmy.us,/p-8776369
525,https://go.shopmy.us/p-8791504,go.shopmy.us,/p-8791504
526,https://go.shopmy.us/p-8792738,go.shopmy.us,/p-8792738
527,https://go.shopmy.us/p-8796771,go.shopmy.us,/p-8796771
528,https://www.zara.com/us/en/100-wool-extra-soft-sweater-p09598103.html,www.zara.com,/us/en/100-wool-extra-soft-sweater-p09598103.html
529,https://shopstyle.it/l/cgWgo,shopstyle.it,/l/cgWgo
530,https://shopstyle.it/l/chk2h,shopstyle.it,/l/chk2h
531,https://shopstyle.it/l/chk9I,shopstyle.it,/l/chk9I
532,https://shopstyle.it/l/cgVZe,shopstyle.it,/l/cgVZe
533,https://go.shopmy.us/p-8772830,go.shopmy.us,/p-8772830
534,https://shopstyle.it/l/chjqp,shopstyle.it,/l/chjqp
535,https://shopstyle.it/l/cgWju,shopstyle.it,/l/cgWju
536,https://shopstyle.it/l/chk8Y,shopstyle.it,/l/chk8Y
537,https://yuzefi.com/products/large-mochi-truffle-suede?_pos=67&_sid=649478d27&_ss=r&variant=40662010101878,yuzefi.com,/products/large-mochi-truffle-suede?_pos=67&_sid=649478d27&_ss=r&variant=40662010101878
538,https://click.linksynergy.com/deeplink?id=HI9qJnKdCI0&mid=43172&murl=https://www.mytheresa.com/us/en/women/fforme-aram-cropped-leather-jacket-black-p00961435&u1=Laura-NL-S037438-2024-07-28,click.linksynergy.com,/deeplink?id=HI9qJnKdCI0&mid=43172&murl=https://www.mytheresa.com/us/en/women/fforme-aram-cropped-leather-jacket-black-p00961435&u1=Laura-NL-S037438-2024-07-28
539,https://bit.ly/4eVsHIH,bit.ly,/4eVsHIH
540,https://shopstyle.it/l/chk2k,shopstyle.it,/l/chk2k
541,https://shopstyle.it/l/chk81,shopstyle.it,/l/chk81
542,https://go.shopmy.us/p-8770127,go.shopmy.us,/p-8770127
543,https://shopstyle.it/l/cgV4o,shopstyle.it,/l/cgV4o
544,https://labucq.com/products/joan-high-boot-caramel-python,labucq.com,/products/joan-high-boot-caramel-python
545,https://shopstyle.it/l/chk3c,shopstyle.it,/l/chk3c
546,https://go.shopmy.us/p-8792779,go.shopmy.us,/p-8792779
547,https://go.shopmy.us/p-8770135,go.shopmy.us,/p-8770135
548,https://bit.ly/4fcpBj8,bit.ly,/4fcpBj8
549,https://shopstyle.it/l/chk3d,shopstyle.it,/l/chk3d
550,https://shopstyle.it/l/chk9N,shopstyle.it,/l/chk9N
551,https://go.shopmy.us/p-8770140,go.shopmy.us,/p-8770140
552,https://shopstyle.it/l/chi9f,shopstyle.it,/l/chi9f
553,https://shopstyle.it/l/chjoZ,shopstyle.it,/l/chjoZ
554,https://deijistudios.com/products/the-ease-trouser-black-1,deijistudios.com,/products/the-ease-trouser-black-1
555,https://shopstyle.it/l/chk9R,shopstyle.it,/l/chk9R
556,https://www.gnuhr.com/,www.gnuhr.com,/
557,https://shopstyle.it/l/chi9l,shopstyle.it,/l/chi9l
558,https://shopstyle.it/l/chjqr,shopstyle.it,/l/chjqr
559,https://shopstyle.it/l/chk3i,shopstyle.it,/l/chk3i
560,https://shopstyle.it/l/chk87,shopstyle.it,/l/chk87
561,https://topologie.com/collections/all-crossbody-straps,topologie.com,/collections/all-crossbody-straps
562,https://shopstyle.it/l/cgV40,shopstyle.it,/l/cgV40
563,https://go.shopmy.us/p-8776436,go.shopmy.us,/p-8776436
564,https://click.linksynergy.com/deeplink?id=HI9qJnKdCI0&mid=43172&murl=https://www.mytheresa.com/us/en/men/the-row-hugo-suede-clogs-black-p00895078&u1=Laura-NL-S039692-2024-10-20,click.linksynergy.com,/deeplink?id=HI9qJnKdCI0&mid=43172&murl=https://www.mytheresa.com/us/en/men/the-row-hugo-suede-clogs-black-p00895078&u1=Laura-NL-S039692-2024-10-20
565,https://go.shopmy.us/p-8792797,go.shopmy.us,/p-8792797
566,https://babaa.es/category/women/jumpers/attr_color-earth/,babaa.es,/category/women/jumpers/attr_color-earth/
567,https://click.linksynergy.com/deeplink?id=HI9qJnKdCI0&mid=43172&murl=https://www.mytheresa.com/us/en/men/gucci-wool-chinos-brown-p00943373&u1=Laura-NL-S039395-2024-10-10,click.linksynergy.com,/deeplink?id=HI9qJnKdCI0&mid=43172&murl=https://www.mytheresa.com/us/en/men/gucci-wool-chinos-brown-p00943373&u1=Laura-NL-S039395-2024-10-10
568,https://shopstyle.it/l/chjqv,shopstyle.it,/l/chjqv
569,https://go.shopmy.us/p-8791589,go.shopmy.us,/p-8791589
570,https://go.shopmy.us/p-8792807,go.shopmy.us,/p-8792807
571,https://go.shopmy.us/p-8770203,go.shopmy.us,/p-8770203
572,https://click.linksynergy.com/deeplink?id=HI9qJnKdCI0&mid=43172&murl=https://www.mytheresa.com/us/en/men/gucci-horsebit-leather-loafers-black-p00943369&u1=Laura-NL-S039396-2024-10-10,click.linksynergy.com,/deeplink?id=HI9qJnKdCI0&mid=43172&murl=https://www.mytheresa.com/us/en/men/gucci-horsebit-leather-loafers-black-p00943369&u1=Laura-NL-S039396-2024-10-10
573,https://shopstyle.it/l/chjo2,shopstyle.it,/l/chjo2
574,https://go.shopmy.us/p-8791599,go.shopmy.us,/p-8791599
575,https://www.vancleefarpels.com/us/en/home.html,www.vancleefarpels.com,/us/en/home.html
576,https://go.shopmy.us/p-8770213,go.shopmy.us,/p-8770213
577,https://bit.ly/4eFUZqw,bit.ly,/4eFUZqw
578,https://www.jamesstreetco.com/products/sloane-vee-aw24,www.jamesstreetco.com,/products/sloane-vee-aw24
579,https://www.jamesstreetco.com/,www.jamesstreetco.com,/
580,https://shop-vestige.com/products/meals-forager-coat-in-butter-1,shop-vestige.com,/products/meals-forager-coat-in-butter-1
581,https://shopstyle.it/l/chi9R,shopstyle.it,/l/chi9R
582,https://www.oldstonetrade.com/the-shop/knitwear,www.oldstonetrade.com,/the-shop/knitwear
583,https://go.shopmy.us/p-8792841,go.shopmy.us,/p-8792841
584,https://shopstyle.it/l/chi8u,shopstyle.it,/l/chi8u
585,https://shopstyle.it/l/chk3r,shopstyle.it,/l/chk3r
586,https://go.shopmy.us/p-8792846,go.shopmy.us,/p-8792846
587,https://go.shopmy.us/p-8770234,go.shopmy.us,/p-8770234
588,https://go.shopmy.us/p-8773170,go.shopmy.us,/p-8773170
589,https://shopstyle.it/l/chlHn,shopstyle.it,/l/chlHn
590,https://shopstyle.it/l/chla5,shopstyle.it,/l/chla5
591,https://chavastudio.com/products/oversized-shirt-in-olive-green-poplin,chavastudio.com,/products/oversized-shirt-in-olive-green-poplin
592,https://shopstyle.it/l/chi8y,shopstyle.it,/l/chi8y
593,https://clutch-cafe.com/collections/new-arrivals/products/the-real-mccoys-n-1-deck-jacket-khaki,clutch-cafe.com,/collections/new-arrivals/products/the-real-mccoys-n-1-deck-jacket-khaki
594,https://www.morjas.com/us/,www.morjas.com,/us/
595,https://tricotparis.com/products/men-grey-cashmere-crewneck,tricotparis.com,/products/men-grey-cashmere-crewneck
596,https://shareasale.com/r.cfm?b=2506991&u=2945491&m=151831&urllink=https://laurenmanoogian.com/products/double-knit-trench-2?srsltid=AfmBOoo9UJoGTS78wc2-oQ6nOE7rXcw_CgBG-DvgZphrshJfOOh4NegW&afftrack=,shareasale.com,/r.cfm?b=2506991&u=2945491&m=151831&urllink=https://laurenmanoogian.com/products/double-knit-trench-2?srsltid=AfmBOoo9UJoGTS78wc2-oQ6nOE7rXcw_CgBG-DvgZphrshJfOOh4NegW&afftrack=
597,https://bambourogerkwong.com/,bambourogerkwong.com,/
598,https://shopstyle.it/l/chlq2,shopstyle.it,/l/chlq2
599,https://shopstyle.it/l/chi96,shopstyle.it,/l/chi96
600,https://go.shopmy.us/p-8776464,go.shopmy.us,/p-8776464
601,https://shopstyle.it/l/chk2v,shopstyle.it,/l/chk2v
602,https://hamishmunro.com/,hamishmunro.com,/
603,https://shopstyle.it/l/chlsM,shopstyle.it,/l/chlsM
604,https://shopstyle.it/l/chi99,shopstyle.it,/l/chi99
605,https://shopstyle.it/l/chjqG,shopstyle.it,/l/chjqG
606,https://shopstyle.it/l/chla9,shopstyle.it,/l/chla9
607,https://go.shopmy.us/p-8770252,go.shopmy.us,/p-8770252
608,https://shopstyle.it/l/chi8I,shopstyle.it,/l/chi8I
609,https://go.shopmy.us/p-8800503,go.shopmy.us,/p-8800503
610,https://shopstyle.it/l/chlbc,shopstyle.it,/l/chlbc
611,https://shopstyle.it/l/chlsR,shopstyle.it,/l/chlsR
612,https://go.shopmy.us/p-8773351,go.shopmy.us,/p-8773351
613,https://shopstyle.it/l/chjo8,shopstyle.it,/l/chjo8
614,https://shopstyle.it/l/chlbk,shopstyle.it,/l/chlbk
615,https://shopstyle.it/l/cgV0F,shopstyle.it,/l/cgV0F
616,https://shopstyle.it/l/chi8Z,shopstyle.it,/l/chi8Z
617,https://shopstyle.it/l/chjqL,shopstyle.it,/l/chjqL
618,https://shopstyle.it/l/chk3z,shopstyle.it,/l/chk3z
619,https://shopstyle.it/l/chlao,shopstyle.it,/l/chlao
620,https://shopstyle.it/l/chiTA,shopstyle.it,/l/chiTA
621,https://www.majkiosk.com/,www.majkiosk.com,/
622,https://shopstyle.it/l/chjqR,shopstyle.it,/l/chjqR
623,https://go.shopmy.us/p-8791653,go.shopmy.us,/p-8791653
624,https://shopstyle.it/l/chlaq,shopstyle.it,/l/chlaq
625,https://shopstyle.it/l/cgV0I,shopstyle.it,/l/cgV0I
626,https://shopstyle.it/l/chjaE,shopstyle.it,/l/chjaE
627,https://shopstyle.it/l/chjpd,shopstyle.it,/l/chjpd
628,https://shopstyle.it/l/chlbA,shopstyle.it,/l/chlbA
629,https://shopstyle.it/l/cgV0J,shopstyle.it,/l/cgV0J
630,https://bit.ly/3NyUeDU,bit.ly,/3NyUeDU
631,https://shop.misha-and-puff.com/collections/adult-fall-24,shop.misha-and-puff.com,/collections/adult-fall-24
632,https://ninstudio.org/,ninstudio.org,/
633,https://shopstyle.it/l/chiTC,shopstyle.it,/l/chiTC
634,https://shopstyle.it/l/chjco,shopstyle.it,/l/chjco
635,https://shopstyle.it/l/chjqX,shopstyle.it,/l/chjqX
636,https://unsungweavers.com/,unsungweavers.com,/
637,https://www.zara.com/us/en/merino-wool-knit-polo-shirt-p00693306.html,www.zara.com,/us/en/merino-wool-knit-polo-shirt-p00693306.html
638,https://shopstyle.it/l/chjcr,shopstyle.it,/l/chjcr
639,https://go.shopmy.us/p-8791667,go.shopmy.us,/p-8791667
640,https://www.mm-jewelry.de/,www.mm-jewelry.de,/
641,https://shopstyle.it/l/chiSq,shopstyle.it,/l/chiSq
642,https://shopstyle.it/l/chjct,shopstyle.it,/l/chjct
643,https://shopstyle.it/l/chjpe,shopstyle.it,/l/chjpe
644,https://go.shopmy.us/p-8791683,go.shopmy.us,/p-8791683
645,https://shopstyle.it/l/chlbO,shopstyle.it,/l/chlbO
646,https://spence.us/,spence.us,/
647,https://go.shopmy.us/p-8791719,go.shopmy.us,/p-8791719
648,https://shannon-bond.com/,shannon-bond.com,/
649,https://www.phoebephilo.com/en_us/lightweight-shirt-jacket-black-wool,www.phoebephilo.com,/en_us/lightweight-shirt-jacket-black-wool
650,https://click.linksynergy.com/deeplink?id=HI9qJnKdCI0&mid=43172&murl=https://www.mytheresa.com/us/en/women/the-row-gala-cady-wide-leg-pants-black-p00670061&u1=Laura-NL-S036073-2024-10-09,click.linksynergy.com,/deeplink?id=HI9qJnKdCI0&mid=43172&murl=https://www.mytheresa.com/us/en/women/the-row-gala-cady-wide-leg-pants-black-p00670061&u1=Laura-NL-S036073-2024-10-09
651,https://shopstyle.it/l/chjqZ,shopstyle.it,/l/chjqZ
652,https://www.presleyoldham.com/,www.presleyoldham.com,/
653,https://shopstyle.it/l/chja4,shopstyle.it,/l/chja4
654,https://go.shopmy.us/p-8776528,go.shopmy.us,/p-8776528
655,https://flore-flore.com/collections/basics,flore-flore.com,/collections/basics
656,https://www.fluevog.com/,www.fluevog.com,/
657,https://shopstyle.it/l/chiSF,shopstyle.it,/l/chiSF
658,https://shopstyle.it/l/chja6,shopstyle.it,/l/chja6
659,https://shopstyle.it/l/chjsw,shopstyle.it,/l/chjsw
660,https://shopstyle.it/l/chlbU,shopstyle.it,/l/chlbU
661,https://shopstyle.it/l/chiSH,shopstyle.it,/l/chiSH
662,https://shopstyle.it/l/chja7,shopstyle.it,/l/chja7
663,https://go.shopmy.us/p-8776542,go.shopmy.us,/p-8776542
664,https://go.shopmy.us/p-8793168,go.shopmy.us,/p-8793168
665,https://shopstyle.it/l/chiTW,shopstyle.it,/l/chiTW
666,https://schostaloriginals.com/index.php?route=product/product&path=210&product_id=849,schostaloriginals.com,/index.php?route=product/product&path=210&product_id=849
667,https://go.shopmy.us/p-8791738,go.shopmy.us,/p-8791738
668,https://www.ruadh.com/collections/all,www.ruadh.com,/collections/all
669,https://go.shopmy.us/p-8770368,go.shopmy.us,/p-8770368
670,https://shopstyle.it/l/chja9,shopstyle.it,/l/chja9
671,https://shopstyle.it/l/chlHL,shopstyle.it,/l/chlHL
672,https://shopstyle.it/l/chlcK,shopstyle.it,/l/chlcK
673,https://www.loewe.com/usa/en/women/womenswear/blouses-and-tops/pyjama-blouse-in-nappa-lambskin/S359Y31L03-1100.html,www.loewe.com,/usa/en/women/womenswear/blouses-and-tops/pyjama-blouse-in-nappa-lambskin/S359Y31L03-1100.html
674,https://shopstyle.it/l/cgWa5,shopstyle.it,/l/cgWa5
675,https://go.shopmy.us/p-8776545,go.shopmy.us,/p-8776545
676,https://shopstyle.it/l/chk3J,shopstyle.it,/l/chk3J
677,https://shopstyle.it/l/chlcL,shopstyle.it,/l/chlcL
678,https://www.oldstonetrade.com/the-shop/p/the-jeans-jacket,www.oldstonetrade.com,/the-shop/p/the-jeans-jacket
679,https://shopstyle.it/l/chjcI,shopstyle.it,/l/chjcI
680,https://go.shopmy.us/p-8776552,go.shopmy.us,/p-8776552
681,https://go.shopmy.us/p-8791750,go.shopmy.us,/p-8791750
682,https://shopstyle.it/l/chlbZ,shopstyle.it,/l/chlbZ
683,https://bit.ly/40ccWIT,bit.ly,/40ccWIT
684,https://shopstyle.it/l/chjbf,shopstyle.it,/l/chjbf
685,https://bit.ly/3Yge9My,bit.ly,/3Yge9My
686,https://shopstyle.it/l/chk2G,shopstyle.it,/l/chk2G
687,https://calomel.shop/,calomel.shop,/
688,https://shopstyle.it/l/chiSM,shopstyle.it,/l/chiSM
689,https://shopstyle.it/l/chjbi,shopstyle.it,/l/chjbi
690,https://shopstyle.it/l/chk2I,shopstyle.it,/l/chk2I
691,https://leblancstudios.com/,leblancstudios.com,/
692,https://shopstyle.it/l/chlsX,shopstyle.it,/l/chlsX
693,https://shopstyle.it/l/chjcL,shopstyle.it,/l/chjcL
694,https://shopstyle.it/l/chjrf,shopstyle.it,/l/chjrf
695,https://shopstyle.it/l/chk2L,shopstyle.it,/l/chk2L
696,https://nomia-nyc.com/,nomia-nyc.com,/
697,https://go.shopmy.us/p-8770401,go.shopmy.us,/p-8770401
698,https://shopstyle.it/l/chjbl,shopstyle.it,/l/chjbl
699,https://shopstyle.it/l/chjsH,shopstyle.it,/l/chjsH
700,https://click.linksynergy.com/deeplink?id=HI9qJnKdCI0&mid=43172&murl=https://www.mytheresa.com/us/en/women/designers/fforme&u1=Laura-NL-S039698-2024-10-20,click.linksynergy.com,/deeplink?id=HI9qJnKdCI0&mid=43172&murl=https://www.mytheresa.com/us/en/women/designers/fforme&u1=Laura-NL-S039698-2024-10-20
701,https://shopstyle.it/l/chiT2,shopstyle.it,/l/chiT2
702,https://shopstyle.it/l/chjbm,shopstyle.it,/l/chjbm
703,https://shopstyle.it/l/chjsL,shopstyle.it,/l/chjsL
704,https://us.soeur.fr/products/pantalon-alouette-noir-pan1505alouette24wnoi01?utm_source=affilae_content&utm_medium=affiliate&utm_campaign=SMTM&ae=433&aev=Laura-NL-S039693-2024-10-20,us.soeur.fr,/products/pantalon-alouette-noir-pan1505alouette24wnoi01?utm_source=affilae_content&utm_medium=affiliate&utm_campaign=SMTM&ae=433&aev=Laura-NL-S039693-2024-10-20
705,https://campbellandkramer.com/,campbellandkramer.com,/
706,https://shareasale.com/r.cfm?b=2506991&u=2945491&m=151831&urllink=https://laurenmanoogian.com/products/luster-shirt&afftrack=,shareasale.com,/r.cfm?b=2506991&u=2945491&m=151831&urllink=https://laurenmanoogian.com/products/luster-shirt&afftrack=
707,https://shopstyle.it/l/chjbn,shopstyle.it,/l/chjbn
708,https://shopstyle.it/l/chjsM,shopstyle.it,/l/chjsM
709,https://shopstyle.it/l/chk3L,shopstyle.it,/l/chk3L
710,https://shopstyle.it/l/chlcP,shopstyle.it,/l/chlcP
711,https://shopstyle.it/l/chiT4,shopstyle.it,/l/chiT4
712,https://shopstyle.it/l/chjcR,shopstyle.it,/l/chjcR
713,https://www.blluemade.com/collections/all,www.blluemade.com,/collections/all
714,https://go.shopmy.us/p-8793217,go.shopmy.us,/p-8793217
715,https://shopstyle.it/l/chiT5,shopstyle.it,/l/chiT5
716,https://go.shopmy.us/p-8773689,go.shopmy.us,/p-8773689
717,https://shopstyle.it/l/chjrl,shopstyle.it,/l/chjrl
718,https://shopstyle.it/l/chk3P,shopstyle.it,/l/chk3P
719,https://shopstyle.it/l/chlcR,shopstyle.it,/l/chlcR
720,https://go.shopmy.us/p-8770456,go.shopmy.us,/p-8770456
721,https://shopstyle.it/l/chlCh,shopstyle.it,/l/chlCh
722,https://shopstyle.it/l/chjsR,shopstyle.it,/l/chjsR
723,https://shopstyle.it/l/chlcU,shopstyle.it,/l/chlcU
724,https://shopstyle.it/l/cgV1w,shopstyle.it,/l/cgV1w
725,https://shopstyle.it/l/chjbq,shopstyle.it,/l/chjbq
726,https://shopstyle.it/l/chjro,shopstyle.it,/l/chjro
727,https://go.shopmy.us/p-8791834,go.shopmy.us,/p-8791834
728,https://shopstyle.it/l/chlcV,shopstyle.it,/l/chlcV
729,https://www.lorenstewart.com/products/pierced-huggies,www.lorenstewart.com,/products/pierced-huggies
730,https://shopstyle.it/l/chjsS,shopstyle.it,/l/chjsS
731,https://go.shopmy.us/p-8791842,go.shopmy.us,/p-8791842
732,https://lovechild1979.com/,lovechild1979.com,/
733,https://shopstyle.it/l/cgV1C,shopstyle.it,/l/cgV1C
734,https://shopstyle.it/l/chjcZ,shopstyle.it,/l/chjcZ
735,https://www.resee.com/en/product/f-w-2009-cinched-coat-18597-090523-020,www.resee.com,/en/product/f-w-2009-cinched-coat-18597-090523-020
736,https://amzn.to/3UgMtG9,amzn.to,/3UgMtG9
737,https://shopstyle.it/l/chlb8,shopstyle.it,/l/chlb8
738,https://shopstyle.it/l/chiT7,shopstyle.it,/l/chiT7
739,https://shopstyle.it/l/chjbt,shopstyle.it,/l/chjbt
740,https://shopstyle.it/l/chk4B,shopstyle.it,/l/chk4B
741,https://shopstyle.it/l/chlc1,shopstyle.it,/l/chlc1
742,https://shopstyle.it/l/chiSW,shopstyle.it,/l/chiSW
743,https://shopstyle.it/l/chjrt,shopstyle.it,/l/chjrt
744,https://shopstyle.it/l/chk3Z,shopstyle.it,/l/chk3Z
745,https://shopstyle.it/l/chlcc,shopstyle.it,/l/chlcc
746,https://www.ralphlauren.com/women-clothing-sweaters/wool-turtleneck-sweater/0076298272.html,www.ralphlauren.com,/women-clothing-sweaters/wool-turtleneck-sweater/0076298272.html
747,https://go.shopmy.us/p-8773744,go.shopmy.us,/p-8773744
748,https://shopstyle.it/l/chjrv,shopstyle.it,/l/chjrv
749,https://shopstyle.it/l/chk4G,shopstyle.it,/l/chk4G
750,https://shopstyle.it/l/chlcg,shopstyle.it,/l/chlcg
751,https://shopstyle.it/l/chlsa,shopstyle.it,/l/chlsa
752,https://shopstyle.it/l/chjbx,shopstyle.it,/l/chjbx
753,https://gimaguas.com/products/baru-wire-bag-silver,gimaguas.com,/products/baru-wire-bag-silver
754,https://shopstyle.it/l/chlch,shopstyle.it,/l/chlch
755,https://shopstyle.it/l/chlsc,shopstyle.it,/l/chlsc
756,https://shopstyle.it/l/chjbB,shopstyle.it,/l/chjbB
757,https://click.linksynergy.com/deeplink?id=HI9qJnKdCI0&mid=43172&murl=https://www.mytheresa.com/us/en/women/khaite-lotus-medium-leather-tote-bag-brown-p00894716&u1=Laura-NL-S039681-2024-10-19,click.linksynergy.com,/deeplink?id=HI9qJnKdCI0&mid=43172&murl=https://www.mytheresa.com/us/en/women/khaite-lotus-medium-leather-tote-bag-brown-p00894716&u1=Laura-NL-S039681-2024-10-19
758,https://shopstyle.it/l/chk4L,shopstyle.it,/l/chk4L
759,https://shopstyle.it/l/chlst,shopstyle.it,/l/chlst
760,https://shopstyle.it/l/chjbE,shopstyle.it,/l/chjbE
761,https://shopstyle.it/l/chjs5,shopstyle.it,/l/chjs5
762,https://shopstyle.it/l/chk38,shopstyle.it,/l/chk38
763,https://shopstyle.it/l/chlc6,shopstyle.it,/l/chlc6
764,https://shopstyle.it/l/chiUf,shopstyle.it,/l/chiUf
765,https://shopstyle.it/l/chjdf,shopstyle.it,/l/chjdf
766,https://shopstyle.it/l/chjs6,shopstyle.it,/l/chjs6
767,https://shopstyle.it/l/chlc7,shopstyle.it,/l/chlc7
768,https://sourceunknown.com/products/geva-faded-lambskin-bomber-jacket-brown,sourceunknown.com,/products/geva-faded-lambskin-bomber-jacket-brown
769,https://shopstyle.it/l/chlCl,shopstyle.it,/l/chlCl
770,https://shopstyle.it/l/chjrG,shopstyle.it,/l/chjrG
771,https://maribaudi.com/,maribaudi.com,/
772,https://go.shopmy.us/p-8505015,go.shopmy.us,/p-8505015
773,https://shopstyle.it/l/chjrL,shopstyle.it,/l/chjrL
774,https://go.shopmy.us/p-8793310,go.shopmy.us,/p-8793310
775,https://shopstyle.it/l/chlD3,shopstyle.it,/l/chlD3
776,https://shopstyle.it/l/chjtg,shopstyle.it,/l/chjtg
777,https://bit.ly/3BSuCz5,bit.ly,/3BSuCz5
778,https://bysigne.com/,bysigne.com,/
779,https://shopstyle.it/l/chlsv,shopstyle.it,/l/chlsv
780,https://bit.ly/4f9v9v0,bit.ly,/4f9v9v0
781,https://www.arket.com/en/women/knitwear/product.oversized-cashmere-roll-neck-jumper-beige.1092933002.html,www.arket.com,/en/women/knitwear/product.oversized-cashmere-roll-neck-jumper-beige.1092933002.html
782,https://faworldentertainment.com/products/ttf-club-shirt,faworldentertainment.com,/products/ttf-club-shirt
783,https://shopstyle.it/l/chltq,shopstyle.it,/l/chltq
784,https://bit.ly/3zWij4m,bit.ly,/3zWij4m
785,https://bit.ly/3zVBXgR,bit.ly,/3zVBXgR
786,https://thenew-studio.com/en-us/products/studded-belt-2,thenew-studio.com,/en-us/products/studded-belt-2
787,https://navygrey.co/en-us,navygrey.co,/en-us
788,https://shopstyle.it/l/chluo,shopstyle.it,/l/chluo
789,https://go.shopmy.us/p-8773842,go.shopmy.us,/p-8773842
790,https://shopstyle.it/l/chjtw,shopstyle.it,/l/chjtw
791,https://go.shopmy.us/p-8791944,go.shopmy.us,/p-8791944
792,https://shopstyle.it/l/chldb,shopstyle.it,/l/chldb
793,https://shopstyle.it/l/chjdr,shopstyle.it,/l/chjdr
794,https://shopstyle.it/l/chjsh,shopstyle.it,/l/chjsh
795,https://gimaguas.com/products/noah-sweatshirt-grey,gimaguas.com,/products/noah-sweatshirt-grey
796,https://thesusumu.com/,thesusumu.com,/
797,https://www.piermarinihouston.com/products/amiacalva-sandwich-leather-tote-m-black,www.piermarinihouston.com,/products/amiacalva-sandwich-leather-tote-m-black
798,https://shopstyle.it/l/chjbT,shopstyle.it,/l/chjbT
799,https://bit.ly/3YvaVWW,bit.ly,/3YvaVWW
800,https://www.brookecallahan.com/shop/p/tie-pants-rice,www.brookecallahan.com,/shop/p/tie-pants-rice
801,https://shopstyle.it/l/chlyt,shopstyle.it,/l/chlyt
802,https://theheygang.com/products/the-loose-crop,theheygang.com,/products/the-loose-crop
803,https://shopstyle.it/l/chjsm,shopstyle.it,/l/chjsm
804,https://shopstyle.it/l/chk4S,shopstyle.it,/l/chk4S
805,https://shopstyle.it/l/chlcw,shopstyle.it,/l/chlcw
806,https://shopstyle.it/l/chiUh,shopstyle.it,/l/chiUh
807,https://shopstyle.it/l/chjbY,shopstyle.it,/l/chjbY
808,https://shareasale.com/r.cfm?b=2506991&u=2945491&m=151831&urllink=https://laurenmanoogian.com/collections/outer&afftrack=,shareasale.com,/r.cfm?b=2506991&u=2945491&m=151831&urllink=https://laurenmanoogian.com/collections/outer&afftrack=
809,https://shopstyle.it/l/chk4j,shopstyle.it,/l/chk4j
810,https://go.shopmy.us/p-8793346,go.shopmy.us,/p-8793346
811,https://lensemble.us/products/urbino-pullover-in-winter-white,lensemble.us,/products/urbino-pullover-in-winter-white
812,https://shopstyle.it/l/chjso,shopstyle.it,/l/chjso
813,https://shopstyle.it/l/chk4n,shopstyle.it,/l/chk4n
814,https://www.yproject.fr/salomon-x-yproject,www.yproject.fr,/salomon-x-yproject
815,https://shopstyle.it/l/chjcd,shopstyle.it,/l/chjcd
816,https://shopstyle.it/l/chjtG,shopstyle.it,/l/chjtG
817,https://shopstyle.it/l/chk4Z,shopstyle.it,/l/chk4Z
818,https://shopstyle.it/l/chlee,shopstyle.it,/l/chlee
819,https://shopstyle.it/l/chluJ,shopstyle.it,/l/chluJ
820,https://bonadrag.com/products/white-bootie,bonadrag.com,/products/white-bootie
821,https://bit.ly/3A7kUsg,bit.ly,/3A7kUsg
822,https://shopstyle.it/l/chk41,shopstyle.it,/l/chk41
823,https://www.salamatceramics.com/,www.salamatceramics.com,/
824,https://shopstyle.it/l/chjt9,shopstyle.it,/l/chjt9
825,https://shopstyle.it/l/chk4r,shopstyle.it,/l/chk4r
826,https://shopstyle.it/l/chldk,shopstyle.it,/l/chldk
827,https://shopstyle.it/l/chlD7,shopstyle.it,/l/chlD7
828,https://shopstyle.it/l/chjud,shopstyle.it,/l/chjud
829,https://shopstyle.it/l/chk4s,shopstyle.it,/l/chk4s
830,https://shopstyle.it/l/chleg,shopstyle.it,/l/chleg
831,https://go.shopmy.us/p-8799444,go.shopmy.us,/p-8799444
832,https://shopstyle.it/l/chjuf,shopstyle.it,/l/chjuf
833,https://shopstyle.it/l/chk56,shopstyle.it,/l/chk56
834,https://shopstyle.it/l/chldl,shopstyle.it,/l/chldl
835,https://shopstyle.it/l/chlDA,shopstyle.it,/l/chlDA
836,https://shopstyle.it/l/chjuj,shopstyle.it,/l/chjuj
837,https://fm669.us/collections/t-shirts/products/t102-little-t-shirt-mid-taupe,fm669.us,/collections/t-shirts/products/t102-little-t-shirt-mid-taupe
838,https://shopstyle.it/l/chleh,shopstyle.it,/l/chleh
839,https://shopstyle.it/l/chjcg,shopstyle.it,/l/chjcg
840,https://bit.ly/4faXyk2,bit.ly,/4faXyk2
841,https://shopstyle.it/l/chk45,shopstyle.it,/l/chk45
842,https://shopstyle.it/l/chldn,shopstyle.it,/l/chldn
843,https://shopstyle.it/l/chluP,shopstyle.it,/l/chluP
844,https://shopstyle.it/l/chjdQ,shopstyle.it,/l/chjdQ
845,https://shopstyle.it/l/chjtN,shopstyle.it,/l/chjtN
846,https://shopstyle.it/l/chk6c,shopstyle.it,/l/chk6c
847,https://shopstyle.it/l/chldq,shopstyle.it,/l/chldq
848,https://click.linksynergy.com/deeplink?id=HI9qJnKdCI0&mid=43172&murl=https://www.mytheresa.com/us/en/women/magda-butrym-wool-wide-leg-pants-brown-p00959605&u1=Laura-NL-S039705-2024-10-20,click.linksynergy.com,/deeplink?id=HI9qJnKdCI0&mid=43172&murl=https://www.mytheresa.com/us/en/women/magda-butrym-wool-wide-leg-pants-brown-p00959605&u1=Laura-NL-S039705-2024-10-20
849,https://click.linksynergy.com/deeplink?id=HI9qJnKdCI0&mid=43172&murl=https://www.mytheresa.com/us/en/women/the-row-hugo-suede-mules-grey-p00897046&u1=Laura-NL-S032322-2024-10-19,click.linksynergy.com,/deeplink?id=HI9qJnKdCI0&mid=43172&murl=https://www.mytheresa.com/us/en/women/the-row-hugo-suede-mules-grey-p00897046&u1=Laura-NL-S032322-2024-10-19
850,https://shopstyle.it/l/chjtQ,shopstyle.it,/l/chjtQ
851,https://shopstyle.it/l/chk48,shopstyle.it,/l/chk48
852,https://shopstyle.it/l/chlel,shopstyle.it,/l/chlel
853,https://shopstyle.it/l/chiUX,shopstyle.it,/l/chiUX
854,https://shopstyle.it/l/chjdT,shopstyle.it,/l/chjdT
855,https://bit.ly/4haHXTE,bit.ly,/4haHXTE
856,https://shopstyle.it/l/chk5b,shopstyle.it,/l/chk5b
857,https://shopstyle.it/l/chlen,shopstyle.it,/l/chlen
858,https://shopstyle.it/l/chjdW,shopstyle.it,/l/chjdW
859,https://www.ganni.com/us/black-stitch-cleated-high-chelsea-boots-black-S257509937.html?g=g&gad_source=1&gclid=Cj0KCQjwsc24BhDPARIsAFXqAB0Nb5ls3yzqbUKW7QnYjNI1v68w-7Eq-c7Qdo1oGTFa4D2ZL8x6AzIaAsVaEALw_wcB,www.ganni.com,/us/black-stitch-cleated-high-chelsea-boots-black-S257509937.html?g=g&gad_source=1&gclid=Cj0KCQjwsc24BhDPARIsAFXqAB0Nb5ls3yzqbUKW7QnYjNI1v68w-7Eq-c7Qdo1oGTFa4D2ZL8x6AzIaAsVaEALw_wcB
860,https://shopstyle.it/l/chk5e,shopstyle.it,/l/chk5e
861,https://shopstyle.it/l/chler,shopstyle.it,/l/chler
862,https://shopstyle.it/l/chiWu,shopstyle.it,/l/chiWu
863,https://shopstyle.it/l/chjcl,shopstyle.it,/l/chjcl
864,https://shopstyle.it/l/chjun,shopstyle.it,/l/chjun
865,https://rachelcomey.com/products/zveda-pant-dirty-pomona-denim,rachelcomey.com,/products/zveda-pant-dirty-pomona-denim
866,https://go.shopmy.us/p-8793420,go.shopmy.us,/p-8793420
867,https://go.shopmy.us/p-8770778,go.shopmy.us,/p-8770778
868,https://shopstyle.it/l/chjdY,shopstyle.it,/l/chjdY
869,https://shopstyle.it/l/chjup,shopstyle.it,/l/chjup
870,https://chavastudio.com/products/oversized-shirt-in-stripe-poplin,chavastudio.com,/products/oversized-shirt-in-stripe-poplin
871,https://shopstyle.it/l/chldu,shopstyle.it,/l/chldu
872,https://flore-flore.com/products/max-tee-pickle,flore-flore.com,/products/max-tee-pickle
873,https://shopstyle.it/l/chjfI,shopstyle.it,/l/chjfI
874,https://go.shopmy.us/p-8776870,go.shopmy.us,/p-8776870
875,https://shopstyle.it/l/chk5j,shopstyle.it,/l/chk5j
876,https://shopstyle.it/l/chlev,shopstyle.it,/l/chlev
877,https://shopstyle.it/l/chiU8,shopstyle.it,/l/chiU8
878,https://shopstyle.it/l/chjd3,shopstyle.it,/l/chjd3
879,https://shopstyle.it/l/chjuv,shopstyle.it,/l/chjuv
880,https://shopstyle.it/l/chk6k,shopstyle.it,/l/chk6k
881,https://shopstyle.it/l/chlex,shopstyle.it,/l/chlex
882,https://www.morganelefay.com/products/delta-jacket,www.morganelefay.com,/products/delta-jacket
883,https://shopstyle.it/l/chjvJ,shopstyle.it,/l/chjvJ
884,https://us.brandymelville.com/products/anastasia-pants,us.brandymelville.com,/products/anastasia-pants
885,https://shopstyle.it/l/chldw,shopstyle.it,/l/chldw
886,https://shopstyle.it/l/chlu2,shopstyle.it,/l/chlu2
887,https://shopstyle.it/l/chjfM,shopstyle.it,/l/chjfM
888,https://shopstyle.it/l/chjvL,shopstyle.it,/l/chjvL
889,https://realisationpar.com/the-lola-valentine/,realisationpar.com,/the-lola-valentine/
890,https://shopstyle.it/l/chldA,shopstyle.it,/l/chldA
891,https://shopstyle.it/l/chiWD,shopstyle.it,/l/chiWD
892,https://shopstyle.it/l/chjfO,shopstyle.it,/l/chjfO
893,https://shopstyle.it/l/chkWE,shopstyle.it,/l/chkWE
894,https://shopstyle.it/l/chk5p,shopstyle.it,/l/chk5p
895,https://go.shopmy.us/p-8793476,go.shopmy.us,/p-8793476
896,https://go.shopmy.us/p-8770805,go.shopmy.us,/p-8770805
897,https://shopstyle.it/l/chkVY,shopstyle.it,/l/chkVY
898,https://shopstyle.it/l/chk6q,shopstyle.it,/l/chk6q
899,https://shopstyle.it/l/chldB,shopstyle.it,/l/chldB
900,https://go.shopmy.us/p-8770810,go.shopmy.us,/p-8770810
901,https://bit.ly/48cGhVE,bit.ly,/48cGhVE
902,https://shopstyle.it/l/chkWH,shopstyle.it,/l/chkWH
903,https://go.shopmy.us/p-8792092,go.shopmy.us,/p-8792092
904,https://gemsunnow.com/,gemsunnow.com,/
905,https://go.shopmy.us/p-8770816,go.shopmy.us,/p-8770816
906,https://www.mercyvintage.com/collections/all/products/prada-gunmetal-heeled-loafers-copy,www.mercyvintage.com,/collections/all/products/prada-gunmetal-heeled-loafers-copy
907,https://shopstyle.it/l/chkV2,shopstyle.it,/l/chkV2
908,https://shopstyle.it/l/chk6s,shopstyle.it,/l/chk6s
909,https://shopstyle.it/l/chleJ,shopstyle.it,/l/chleJ
910,https://www.fashionbrandcompany.com/,www.fashionbrandcompany.com,/
911,https://shopstyle.it/l/chjfW,shopstyle.it,/l/chjfW
912,https://shopstyle.it/l/chkWQ,shopstyle.it,/l/chkWQ
913,https://go.shopmy.us/p-8792101,go.shopmy.us,/p-8792101
914,https://shop-peche.com/,shop-peche.com,/
915,https://go.shopmy.us/p-8770824,go.shopmy.us,/p-8770824
916,https://shopstyle.it/l/chkV7,shopstyle.it,/l/chkV7
917,https://shopstyle.it/l/chCqJ,shopstyle.it,/l/chCqJ
918,https://bit.ly/48awAHb,bit.ly,/48awAHb
919,https://shopstyle.it/l/chjei,shopstyle.it,/l/chjei
920,https://amzn.to/3YeEf2r,amzn.to,/3YeEf2r
921,https://shopstyle.it/l/chCp8,shopstyle.it,/l/chCp8
922,https://go.shopmy.us/p-9009773,go.shopmy.us,/p-9009773
923,https://zohrarahman.com/collections/earrings-1/products/sputnik-hoops,zohrarahman.com,/collections/earrings-1/products/sputnik-hoops
924,https://shopstyle.it/l/chjek,shopstyle.it,/l/chjek
925,https://shopstyle.it/l/chkWU,shopstyle.it,/l/chkWU
926,https://go.shopmy.us/p-9009942,go.shopmy.us,/p-9009942
927,https://magarchivio.com/collections/calomel,magarchivio.com,/collections/calomel
928,https://bit.ly/4hg4EpE,bit.ly,/4hg4EpE
929,https://ritarow.com/,ritarow.com,/
930,https://shopstyle.it/l/chiWM,shopstyle.it,/l/chiWM
931,https://shopstyle.it/l/chjet,shopstyle.it,/l/chjet
932,https://shopstyle.it/l/chkWY,shopstyle.it,/l/chkWY
933,https://shopstyle.it/l/chCqf,shopstyle.it,/l/chCqf
934,https://shopstyle.it/l/chCua,shopstyle.it,/l/chCua
935,https://www.shopboswell.us/products/bucket-hat-in-shag-felt,www.shopboswell.us,/products/bucket-hat-in-shag-felt
936,https://rejinapyo.com/collections/shoes/products/ruched-loafer-leather-morgano-copy?variant=46137027920127,rejinapyo.com,/collections/shoes/products/ruched-loafer-leather-morgano-copy?variant=46137027920127
937,https://shopstyle.it/l/chkWe,shopstyle.it,/l/chkWe
938,https://shopstyle.it/l/chCsk,shopstyle.it,/l/chCsk
939,https://shop-vestige.com/products/yahae-japanese-garabou-slipper-socks-in-yellow-green?srsltid=AfmBOooKeV_OziILCdutatajND1qwolrxmSBSC1-vrwKGYzeLz8mlWaL,shop-vestige.com,/products/yahae-japanese-garabou-slipper-socks-in-yellow-green?srsltid=AfmBOooKeV_OziILCdutatajND1qwolrxmSBSC1-vrwKGYzeLz8mlWaL
940,https://shopstyle.it/l/chlEq,shopstyle.it,/l/chlEq
941,https://rachelcomey.com/products/puerto-pant-washed-salinas-denim-black,rachelcomey.com,/products/puerto-pant-washed-salinas-denim-black
942,https://go.shopmy.us/p-8770896,go.shopmy.us,/p-8770896
943,https://shopstyle.it/l/chlDN,shopstyle.it,/l/chlDN
944,https://shop-vestige.com/products/extreme-cashmere-club-in-felt,shop-vestige.com,/products/extreme-cashmere-club-in-felt
945,https://shopstyle.it/l/chjf2,shopstyle.it,/l/chjf2
946,https://shopstyle.it/l/chkWl,shopstyle.it,/l/chkWl
947,https://shopstyle.it/l/chCrR,shopstyle.it,/l/chCrR
948,https://lindquist-object.com/products/big-ama-in-black,lindquist-object.com,/products/big-ama-in-black
949,https://shopstyle.it/l/chjf6,shopstyle.it,/l/chjf6
950,https://shopstyle.it/l/chkXa,shopstyle.it,/l/chkXa
951,https://go.shopmy.us/p-9010623,go.shopmy.us,/p-9010623
952,https://www.us.annethomas.fr/collections/chaussures/boots,www.us.annethomas.fr,/collections/chaussures/boots
953,https://shopstyle.it/l/chjeF,shopstyle.it,/l/chjeF
954,https://shopstyle.it/l/chkWp,shopstyle.it,/l/chkWp
955,https://shopstyle.it/l/chCt7,shopstyle.it,/l/chCt7
956,https://shopstyle.it/l/chiWW,shopstyle.it,/l/chiWW
957,https://shopstyle.it/l/chjga,shopstyle.it,/l/chjga
958,https://go.shopmy.us/p-8790399,go.shopmy.us,/p-8790399
959,https://www.peachyden.co.uk/collections/bottoms/products/the-lennox-trousers-birch,www.peachyden.co.uk,/collections/bottoms/products/the-lennox-trousers-birch
960,https://shopstyle.it/l/chiWZ,shopstyle.it,/l/chiWZ
961,https://click.linksynergy.com/deeplink?id=HI9qJnKdCI0&mid=43172&murl=https://www.mytheresa.com/us/en/women/jean-paul-gaultier-hooded-wool-coat-black-p00966194&u1=Laura-NL-S039674-2024-10-19,click.linksynergy.com,/deeplink?id=HI9qJnKdCI0&mid=43172&murl=https://www.mytheresa.com/us/en/women/jean-paul-gaultier-hooded-wool-coat-black-p00966194&u1=Laura-NL-S039674-2024-10-19
962,https://shopstyle.it/l/chCxQ,shopstyle.it,/l/chCxQ
963,https://go.shopmy.us/p-8797510,go.shopmy.us,/p-8797510
964,https://shopstyle.it/l/chlEC,shopstyle.it,/l/chlEC
965,https://shopstyle.it/l/chkX8,shopstyle.it,/l/chkX8
966,https://shopstyle.it/l/chCxS,shopstyle.it,/l/chCxS
967,https://shopstyle.it/l/chjeK,shopstyle.it,/l/chjeK
968,https://shopstyle.it/l/chlvd,shopstyle.it,/l/chlvd
969,https://www.raggedythreads.com/collections/bottoms-1,www.raggedythreads.com,/collections/bottoms-1
970,https://shopstyle.it/l/chkXi,shopstyle.it,/l/chkXi
971,https://shopstyle.it/l/chlvg,shopstyle.it,/l/chlvg
972,https://shopstyle.it/l/chjgc,shopstyle.it,/l/chjgc
973,https://shopstyle.it/l/chkYe,shopstyle.it,/l/chkYe
974,https://aeron.com/products/dusty_brushed-alpaca-wool_trifle,aeron.com,/products/dusty_brushed-alpaca-wool_trifle
975,https://tibi.com/products/classic-mens-croc-leather-belt-brown,tibi.com,/products/classic-mens-croc-leather-belt-brown
976,https://shopstyle.it/l/chkXk,shopstyle.it,/l/chkXk
977,https://shopstyle.it/l/chiVu,shopstyle.it,/l/chiVu
978,https://go.shopmy.us/p-8799778,go.shopmy.us,/p-8799778
979,https://shopstyle.it/l/chkXl,shopstyle.it,/l/chkXl
980,https://shopstyle.it/l/chiW6,shopstyle.it,/l/chiW6
981,https://shareasale.com/r.cfm?b=2014986&u=3067693&m=124765&afftrack=Laura-NL-S039675-2024-10-19&urllink=https://shop-jamiehaller.com/collections/pants?srsltid=AfmBOoroJ2VYJmlHCqSdxfCDhH5yS4_g3Zo2tQDpboNiB4XlnOKs2Fkw,shareasale.com,/r.cfm?b=2014986&u=3067693&m=124765&afftrack=Laura-NL-S039675-2024-10-19&urllink=https://shop-jamiehaller.com/collections/pants?srsltid=AfmBOoroJ2VYJmlHCqSdxfCDhH5yS4_g3Zo2tQDpboNiB4XlnOKs2Fkw
982,https://shopstyle.it/l/chkXt,shopstyle.it,/l/chkXt
983,https://shopstyle.it/l/chiVA,shopstyle.it,/l/chiVA
984,https://shopstyle.it/l/chjeR,shopstyle.it,/l/chjeR
985,https://shopstyle.it/l/chCsn,shopstyle.it,/l/chCsn
986,https://shopstyle.it/l/chlvk,shopstyle.it,/l/chlvk
987,https://shopstyle.it/l/chjgj,shopstyle.it,/l/chjgj
988,https://shopstyle.it/l/chCsq,shopstyle.it,/l/chCsq
989,https://go.shopmy.us/p-8797680,go.shopmy.us,/p-8797680
990,https://www.anrdoezrs.net/click-100866730-15003988?sid=Laura-NL-S039708-2024-10-21&url=https://repetto.com/en/products/cendrillon-ballerinas-black-v086ve-410-en,www.anrdoezrs.net,/click-100866730-15003988?sid=Laura-NL-S039708-2024-10-21&url=https://repetto.com/en/products/cendrillon-ballerinas-black-v086ve-410-en
991,https://shopstyle.it/l/chCrg,shopstyle.it,/l/chCrg
992,https://shopstyle.it/l/chjgl,shopstyle.it,/l/chjgl
993,https://go.shopmy.us/p-9010652,go.shopmy.us,/p-9010652
994,https://shopstyle.it/l/chiVB,shopstyle.it,/l/chiVB
995,https://go.shopmy.us/p-8774243,go.shopmy.us,/p-8774243
996,https://shopstyle.it/l/chiW9,shopstyle.it,/l/chiW9
997,https://shopstyle.it/l/chje7,shopstyle.it,/l/chje7
998,https://go.shopmy.us/p-8798132,go.shopmy.us,/p-8798132
999,https://go.shopmy.us/p-8774251,go.shopmy.us,/p-8774251
1000,https://shopstyle.it/l/chiXb,shopstyle.it,/l/chiXb
1001,https://shopstyle.it/l/chje8,shopstyle.it,/l/chje8
1002,https://shopstyle.it/l/chlvC,shopstyle.it,/l/chlvC
1003,https://shopstyle.it/l/chjgt,shopstyle.it,/l/chjgt
1004,https://shopstyle.it/l/chiVI,shopstyle.it,/l/chiVI
1005,https://go.shopmy.us/p-8774268,go.shopmy.us,/p-8774268
1006,https://shopstyle.it/l/chiXg,shopstyle.it,/l/chiXg
1007,https://shopstyle.it/l/chjgz,shopstyle.it,/l/chjgz
1008,https://shopstyle.it/l/chjgC,shopstyle.it,/l/chjgC
1009,https://shopstyle.it/l/chlwI,shopstyle.it,/l/chlwI
1010,https://shopstyle.it/l/chjfg,shopstyle.it,/l/chjfg
1011,https://us.soeur.fr/products/manteau-bonn-beige-man1515bonn24wbei36?utm_source=affilae_content&utm_medium=affiliate&utm_campaign=SMTM&ae=433&aev=Laura-NL-S039665-2024-10-19,us.soeur.fr,/products/manteau-bonn-beige-man1515bonn24wbei36?utm_source=affilae_content&utm_medium=affiliate&utm_campaign=SMTM&ae=433&aev=Laura-NL-S039665-2024-10-19
1012,https://shopstyle.it/l/chjgG,shopstyle.it,/l/chjgG
1013,https://bit.ly/3YtLmp4,bit.ly,/3YtLmp4
1014,https://shopstyle.it/l/chiVT,shopstyle.it,/l/chiVT
1015,https://www.arket.com/en/women/knitwear/product.roll-neck-jumper-brown.1190831008.html,www.arket.com,/en/women/knitwear/product.roll-neck-jumper-brown.1190831008.html
1016,https://www.aimeleondore.com/products/venetian-loafer,www.aimeleondore.com,/products/venetian-loafer
1017,https://shopstyle.it/l/chjgJ,shopstyle.it,/l/chjgJ
1018,https://click.linksynergy.com/deeplink?id=HI9qJnKdCI0&mid=43172&murl=https://www.mytheresa.com/us/en/women/the-row-ew-margaux-leather-tote-bag-black-p00928716&u1=Laura-NL-S039666-2024-10-19,click.linksynergy.com,/deeplink?id=HI9qJnKdCI0&mid=43172&murl=https://www.mytheresa.com/us/en/women/the-row-ew-margaux-leather-tote-bag-black-p00928716&u1=Laura-NL-S039666-2024-10-19
1019,https://shopstyle.it/l/chjgK,shopstyle.it,/l/chjgK
1020,https://bit.ly/4f6PkJQ,bit.ly,/4f6PkJQ
1021,https://shopstyle.it/l/chlxW,shopstyle.it,/l/chlxW
1022,https://shopstyle.it/l/chjfr,shopstyle.it,/l/chjfr
1023,https://bit.ly/3YyxgDe,bit.ly,/3YyxgDe
1024,https://shopstyle.it/l/chiVV,shopstyle.it,/l/chiVV
1025,https://shopstyle.it/l/chjgP,shopstyle.it,/l/chjgP
1026,https://shopstyle.it/l/chlxc,shopstyle.it,/l/chlxc
1027,https://shopstyle.it/l/chjgS,shopstyle.it,/l/chjgS
1028,https://fforme.com/products/joss-raglan-coat,fforme.com,/products/joss-raglan-coat
1029,https://shopstyle.it/l/chjgT,shopstyle.it,/l/chjgT
1030,https://bit.ly/3C07Mp8,bit.ly,/3C07Mp8
1031,https://shopstyle.it/l/chjfw,shopstyle.it,/l/chjfw
1032,https://shopstyle.it/l/chiVW,shopstyle.it,/l/chiVW
1033,https://shopstyle.it/l/chiXB,shopstyle.it,/l/chiXB
1034,https://go.shopmy.us/p-8799835,go.shopmy.us,/p-8799835
1035,https://shopstyle.it/l/chlxq,shopstyle.it,/l/chlxq
1036,https://go.shopmy.us/p-8799881,go.shopmy.us,/p-8799881
1037,https://www.phoebephilo.com/en_gb/drop-jeans-denim-white,www.phoebephilo.com,/en_gb/drop-jeans-denim-white
1038,https://shopstyle.it/l/chlFd,shopstyle.it,/l/chlFd
1039,https://gimaguas.com/products/high-boot-black,gimaguas.com,/products/high-boot-black
1040,https://click.linksynergy.com/deeplink?id=HI9qJnKdCI0&mid=43172&murl=https://www.mytheresa.com/us/en/women/extreme-cashmere-ndeg20-oversize-xtra-turtleneck-sweater-grey-p00611355&u1=Laura-NL-S039667-2024-10-19,click.linksynergy.com,/deeplink?id=HI9qJnKdCI0&mid=43172&murl=https://www.mytheresa.com/us/en/women/extreme-cashmere-ndeg20-oversize-xtra-turtleneck-sweater-grey-p00611355&u1=Laura-NL-S039667-2024-10-19
1041,https://go.shopmy.us/p-8774372,go.shopmy.us,/p-8774372
1042,https://shopstyle.it/l/chiXH,shopstyle.it,/l/chiXH
1043,https://shopstyle.it/l/chjfz,shopstyle.it,/l/chjfz
1044,https://go.shopmy.us/p-8774379,go.shopmy.us,/p-8774379
1045,https://shopstyle.it/l/chiV0,shopstyle.it,/l/chiV0
1046,https://nagnata.com/products/demi-wool-legging-fennel-1,nagnata.com,/products/demi-wool-legging-fennel-1
1047,https://shopstyle.it/l/chjhg,shopstyle.it,/l/chjhg
1048,https://shopstyle.it/l/chiXN,shopstyle.it,/l/chiXN
1049,https://shopstyle.it/l/chjg5,shopstyle.it,/l/chjg5
1050,https://bit.ly/3A1iThb,bit.ly,/3A1iThb
1051,https://shopstyle.it/l/chjg8,shopstyle.it,/l/chjg8
1052,https://houseofcashmere.co.uk/accessories/socks.html,houseofcashmere.co.uk,/accessories/socks.html
1053,https://shopstyle.it/l/chjhl,shopstyle.it,/l/chjhl
1054,https://click.linksynergy.com/deeplink?id=HI9qJnKdCI0&mid=43172&murl=https://www.mytheresa.com/us/en/men/lemaire-ribbed-knit-hood-grey-p00845045&u1=Laura-NL-S039669-2024-10-19,click.linksynergy.com,/deeplink?id=HI9qJnKdCI0&mid=43172&murl=https://www.mytheresa.com/us/en/men/lemaire-ribbed-knit-hood-grey-p00845045&u1=Laura-NL-S039669-2024-10-19
1055,https://go.shopmy.us/p-8774411,go.shopmy.us,/p-8774411
1056,https://shopstyle.it/l/chiXV,shopstyle.it,/l/chiXV
1057,https://shopstyle.it/l/chjiR,shopstyle.it,/l/chjiR
1058,https://shopstyle.it/l/chiWc,shopstyle.it,/l/chiWc
1059,https://bit.ly/3Ybh6hu,bit.ly,/3Ybh6hu
1060,https://shopstyle.it/l/chiX0,shopstyle.it,/l/chiX0
1061,https://bit.ly/3YtnYYN,bit.ly,/3YtnYYN
1062,https://palomawool.com/products/10-years-tote-bag,palomawool.com,/products/10-years-tote-bag
1063,https://go.shopmy.us/p-8774435,go.shopmy.us,/p-8774435
1064,https://shopstyle.it/l/chiZw,shopstyle.it,/l/chiZw
1065,https://go.shopmy.us/p-8774445,go.shopmy.us,/p-8774445
1066,https://go.shopmy.us/p-8771205,go.shopmy.us,/p-8771205
1067,https://shopstyle.it/l/chjhv,shopstyle.it,/l/chjhv
1068,https://shopstyle.it/l/chlzR,shopstyle.it,/l/chlzR
1069,https://shopstyle.it/l/chjhx,shopstyle.it,/l/chjhx
1070,https://go.shopmy.us/p-8771212,go.shopmy.us,/p-8771212
1071,https://us.maxmara.com/p-1226184106004-ponte-black,us.maxmara.com,/p-1226184106004-ponte-black
1072,https://shopstyle.it/l/chiX3,shopstyle.it,/l/chiX3
1073,https://shopstyle.it/l/chji0,shopstyle.it,/l/chji0
1074,https://shopstyle.it/l/chjhG,shopstyle.it,/l/chjhG
1075,https://shopstyle.it/l/chly2,shopstyle.it,/l/chly2
1076,https://shopattersee.com/products/the-sculpted-mini-dress,shopattersee.com,/products/the-sculpted-mini-dress
1077,https://shopattersee.com/collections/the-sculpted-vest/products/the-sculpted-vest-ivory,shopattersee.com,/collections/the-sculpted-vest/products/the-sculpted-vest-ivory
1078,https://shopstyle.it/l/chlAC,shopstyle.it,/l/chlAC
1079,https://shopstyle.it/l/chjhP,shopstyle.it,/l/chjhP
1080,https://shopstyle.it/l/chlAF,shopstyle.it,/l/chlAF
1081,https://shopstyle.it/l/chjjh,shopstyle.it,/l/chjjh
1082,https://click.linksynergy.com/deeplink?id=HI9qJnKdCI0&mid=43172&murl=https://www.mytheresa.com/us/en/women/magda-butrym-floral-applique-draped-midi-dress-brown-p00959681&u1=Laura-NL-S039706-2024-10-20,click.linksynergy.com,/deeplink?id=HI9qJnKdCI0&mid=43172&murl=https://www.mytheresa.com/us/en/women/magda-butrym-floral-applique-draped-midi-dress-brown-p00959681&u1=Laura-NL-S039706-2024-10-20
1083,https://click.linksynergy.com/deeplink?id=HI9qJnKdCI0&mid=43172&murl=https://www.mytheresa.com/us/en/women/designers/saint-laurent/accessories/sunglasses&u1=Laura-NL-S039676-2024-10-19,click.linksynergy.com,/deeplink?id=HI9qJnKdCI0&mid=43172&murl=https://www.mytheresa.com/us/en/women/designers/saint-laurent/accessories/sunglasses&u1=Laura-NL-S039676-2024-10-19
1084,https://shopstyle.it/l/chiZG,shopstyle.it,/l/chiZG
1085,https://shopstyle.it/l/chjjj,shopstyle.it,/l/chjjj
1086,https://leblancstudios.com/collections/knitwear-all,leblancstudios.com,/collections/knitwear-all
1087,https://norwegianrain.com/product/kaftan-cap-super-lightweight-black-on-her/,norwegianrain.com,/product/kaftan-cap-super-lightweight-black-on-her/
1088,https://www.armariumbrand.com/products/gregory-v-neck-sweater-in-cachemire,www.armariumbrand.com,/products/gregory-v-neck-sweater-in-cachemire
1089,https://shopstyle.it/l/chiZI,shopstyle.it,/l/chiZI
1090,https://shopstyle.it/l/chjh0,shopstyle.it,/l/chjh0
1091,https://shopstyle.it/l/chiZJ,shopstyle.it,/l/chiZJ
1092,https://go.shopmy.us/p-8774625,go.shopmy.us,/p-8774625
1093,https://shopstyle.it/l/chjh2,shopstyle.it,/l/chjh2
1094,https://shopstyle.it/l/chiZL,shopstyle.it,/l/chiZL
1095,https://bit.ly/3Ygu918,bit.ly,/3Ygu918
1096,https://shopstyle.it/l/chlBE,shopstyle.it,/l/chlBE
1097,https://shopstyle.it/l/chjjs,shopstyle.it,/l/chjjs
1098,https://shopstyle.it/l/chiYc,shopstyle.it,/l/chiYc
1099,https://shopstyle.it/l/chjjw,shopstyle.it,/l/chjjw
1100,https://bit.ly/3Yebral,bit.ly,/3Yebral
1101,https://shopstyle.it/l/chiZM,shopstyle.it,/l/chiZM
1102,https://shopstyle.it/l/chjib,shopstyle.it,/l/chjib
1103,https://bit.ly/3Yfr8PT,bit.ly,/3Yfr8PT
1104,https://shopstyle.it/l/chjjC,shopstyle.it,/l/chjjC
1105,https://wrightanddoyle.com/products/apron-skirt,wrightanddoyle.com,/products/apron-skirt
1106,https://shopstyle.it/l/chjii,shopstyle.it,/l/chjii
1107,https://shopstyle.it/l/chlCF,shopstyle.it,/l/chlCF
1108,https://bit.ly/3NuJoi2,bit.ly,/3NuJoi2
1109,https://shopstyle.it/l/chiZO,shopstyle.it,/l/chiZO
1110,https://bit.ly/3A5MBBy,bit.ly,/3A5MBBy
1111,https://shopstyle.it/l/chiZQ,shopstyle.it,/l/chiZQ
1112,https://shopstyle.it/l/chjij,shopstyle.it,/l/chjij
1113,https://go.shopmy.us/p-8771291,go.shopmy.us,/p-8771291
1114,https://shopstyle.it/l/chjil,shopstyle.it,/l/chjil
1115,https://shopstyle.it/l/chiZU,shopstyle.it,/l/chiZU
1116,https://click.linksynergy.com/deeplink?id=HI9qJnKdCI0&mid=43172&murl=https://www.mytheresa.com/us/en/women/designers/jardin-des-orangers?source=search&term=jardin&page=2&u1=Laura-NL-S039678-2024-10-19,click.linksynergy.com,/deeplink?id=HI9qJnKdCI0&mid=43172&murl=https://www.mytheresa.com/us/en/women/designers/jardin-des-orangers?source=search&term=jardin&page=2&u1=Laura-NL-S039678-2024-10-19
1117,https://go.shopmy.us/p-8771325,go.shopmy.us,/p-8771325
1118,https://shopstyle.it/l/chjjO,shopstyle.it,/l/chjjO
1119,https://go.shopmy.us/p-8771334,go.shopmy.us,/p-8771334
1120,https://shopstyle.it/l/chjiv,shopstyle.it,/l/chjiv
1121,https://www.jamesstreetco.com/products/track-denim,www.jamesstreetco.com,/products/track-denim
1122,https://shopstyle.it/l/chjjR,shopstyle.it,/l/chjjR
1123,https://samanamel.com/products/city-moc-brown-suede,samanamel.com,/products/city-moc-brown-suede
1124,https://shopstyle.it/l/chjjT,shopstyle.it,/l/chjjT
1125,https://go.shopmy.us/p-8771351,go.shopmy.us,/p-8771351
1126,https://shopstyle.it/l/chjiz,shopstyle.it,/l/chjiz
1127,https://shopstyle.it/l/chjjV,shopstyle.it,/l/chjjV
1128,https://shopstyle.it/l/chiZ8,shopstyle.it,/l/chiZ8
1129,https://shopstyle.it/l/chjjX,shopstyle.it,/l/chjjX
1130,https://shopstyle.it/l/chiYy,shopstyle.it,/l/chiYy
1131,https://shopstyle.it/l/chjiG,shopstyle.it,/l/chjiG
1132,https://shopstyle.it/l/chiYA,shopstyle.it,/l/chiYA
1133,https://shopstyle.it/l/chCpT,shopstyle.it,/l/chCpT
1134,https://shopstyle.it/l/chi0g,shopstyle.it,/l/chi0g
1135,https://go.shopmy.us/p-9009482,go.shopmy.us,/p-9009482
1136,https://go.shopmy.us/p-8771409,go.shopmy.us,/p-8771409
1137,https://shopstyle.it/l/chCpY,shopstyle.it,/l/chCpY
1138,https://fm669.us/products/tp101-driving-polo-black,fm669.us,/products/tp101-driving-polo-black
1139,https://shopstyle.it/l/chCp2,shopstyle.it,/l/chCp2
1140,https://shopstyle.it/l/chi0n,shopstyle.it,/l/chi0n
1141,https://shopstyle.it/l/chCp3,shopstyle.it,/l/chCp3
1142,https://go.shopmy.us/p-8771437,go.shopmy.us,/p-8771437
1143,https://shopstyle.it/l/chCqu,shopstyle.it,/l/chCqu
1144,https://shopstyle.it/l/chiYV,shopstyle.it,/l/chiYV
1145,https://shopstyle.it/l/chCp6,shopstyle.it,/l/chCp6
1146,https://shopstyle.it/l/chiYY,shopstyle.it,/l/chiYY
1147,https://shopstyle.it/l/chCrW,shopstyle.it,/l/chCrW
1148,https://shopstyle.it/l/chi0w,shopstyle.it,/l/chi0w
1149,https://shopstyle.it/l/chCrZ,shopstyle.it,/l/chCrZ
1150,https://www.sabah.am/products/el-paso-veg-tan-baba-womens,www.sabah.am,/products/el-paso-veg-tan-baba-womens
1151,https://shopstyle.it/l/chCqO,shopstyle.it,/l/chCqO
1152,https://shopstyle.it/l/chi0R,shopstyle.it,/l/chi0R
1153,https://shopstyle.it/l/chCqR,shopstyle.it,/l/chCqR
1154,https://shopstyle.it/l/chi0Y,shopstyle.it,/l/chi0Y
1155,https://shopstyle.it/l/chCqW,shopstyle.it,/l/chCqW
1156,https://shopstyle.it/l/chi0Z,shopstyle.it,/l/chi0Z
1157,https://go.shopmy.us/p-9009848,go.shopmy.us,/p-9009848
1158,https://shopstyle.it/l/chiZr,shopstyle.it,/l/chiZr
1159,https://shopstyle.it/l/chCsh,shopstyle.it,/l/chCsh
1160,https://nour-hammour.com/us-en/products/edra-black,nour-hammour.com,/us-en/products/edra-black
1161,https://go.shopmy.us/p-9010102,go.shopmy.us,/p-9010102
1162,https://shopstyle.it/l/chi2I,shopstyle.it,/l/chi2I
1163,https://go.shopmy.us/p-9010192,go.shopmy.us,/p-9010192
1164,https://bellethelabel.com/products/simi-jacket-butter,bellethelabel.com,/products/simi-jacket-butter
1165,https://go.shopmy.us/p-9010407,go.shopmy.us,/p-9010407
1166,https://shopstyle.it/l/chi2O,shopstyle.it,/l/chi2O
1167,https://realisationpar.com/the-ani-sweater-gemstone/,realisationpar.com,/the-ani-sweater-gemstone/
1168,https://shopstyle.it/l/chi1c,shopstyle.it,/l/chi1c
1169,https://shopstyle.it/l/chCtU,shopstyle.it,/l/chCtU
1170,https://click.linksynergy.com/deeplink?id=HI9qJnKdCI0&mid=43172&murl=https://www.mytheresa.com/us/en/women/the-row-zipped-boot-1-suede-ankle-boots-brown-p00606245&u1=Laura-NL-S039671-2024-10-19,click.linksynergy.com,/deeplink?id=HI9qJnKdCI0&mid=43172&murl=https://www.mytheresa.com/us/en/women/the-row-zipped-boot-1-suede-ankle-boots-brown-p00606245&u1=Laura-NL-S039671-2024-10-19
1171,https://www.soeur.fr/en/products/pull-will-chocolat-pul1336will23wmar05?utm_source=affilae_content&utm_medium=affiliate&utm_campaign=SMTM&ae=433&aev=Laura-NL-S039894-2024-10-27,www.soeur.fr,/en/products/pull-will-chocolat-pul1336will23wmar05?utm_source=affilae_content&utm_medium=affiliate&utm_campaign=SMTM&ae=433&aev=Laura-NL-S039894-2024-10-27
1172,https://shopstyle.it/l/chCxI,shopstyle.it,/l/chCxI
1173,https://shopstyle.it/l/chi1n,shopstyle.it,/l/chi1n
1174,https://bit.ly/3YlAj0a,bit.ly,/3YlAj0a
1175,https://shopstyle.it/l/chi22,shopstyle.it,/l/chi22
1176,https://palomawool.com/collections/tops,palomawool.com,/collections/tops
1177,https://go.shopmy.us/p-8771794,go.shopmy.us,/p-8771794
1178,https://shopstyle.it/l/chlBL,shopstyle.it,/l/chlBL
1179,https://click.linksynergy.com/deeplink?id=HI9qJnKdCI0&mid=43172&murl=https://www.mytheresa.com/us/en/women/altuzarra-emmett-cotton-corduroy-tapered-pants-brown-p00950049&u1=Laura-NL-S039707-2024-10-20,click.linksynergy.com,/deeplink?id=HI9qJnKdCI0&mid=43172&murl=https://www.mytheresa.com/us/en/women/altuzarra-emmett-cotton-corduroy-tapered-pants-brown-p00950049&u1=Laura-NL-S039707-2024-10-20
1180,https://shopstyle.it/l/chi1u,shopstyle.it,/l/chi1u
1181,https://shopstyle.it/l/chi3a,shopstyle.it,/l/chi3a
1182,https://shopstyle.it/l/chi3f,shopstyle.it,/l/chi3f
1183,https://shopstyle.it/l/chi1x,shopstyle.it,/l/chi1x
1184,https://go.shopmy.us/p-8799050,go.shopmy.us,/p-8799050
1185,https://shareasale.com/r.cfm?b=2014986&u=3067693&m=124765&afftrack=Laura-NL-S039672-2024-10-19&urllink=https://shop-jamiehaller.com/products/the-penny-loafer-in-ponyhair-leopard?srsltid=AfmBOooBV1aoHj0Du1O7rpZQBKqQ8x6sLnigYBBCso7dfCTyHiQViuw6,shareasale.com,/r.cfm?b=2014986&u=3067693&m=124765&afftrack=Laura-NL-S039672-2024-10-19&urllink=https://shop-jamiehaller.com/products/the-penny-loafer-in-ponyhair-leopard?srsltid=AfmBOooBV1aoHj0Du1O7rpZQBKqQ8x6sLnigYBBCso7dfCTyHiQViuw6
1186,https://go.shopmy.us/p-8771847,go.shopmy.us,/p-8771847
1187,https://shopstyle.it/l/chi3j,shopstyle.it,/l/chi3j
1188,https://shopstyle.it/l/chi1G,shopstyle.it,/l/chi1G
1189,https://go.shopmy.us/p-8771884,go.shopmy.us,/p-8771884
1190,https://go.shopmy.us/p-8771890,go.shopmy.us,/p-8771890
1191,https://shopstyle.it/l/chi1M,shopstyle.it,/l/chi1M
1192,https://shopstyle.it/l/chi1P,shopstyle.it,/l/chi1P
1193,https://shopstyle.it/l/chi3u,shopstyle.it,/l/chi3u
1194,https://shopstyle.it/l/chCov,shopstyle.it,/l/chCov
1195,https://shopstyle.it/l/chCpL,shopstyle.it,/l/chCpL
1196,https://shopstyle.it/l/chCoE,shopstyle.it,/l/chCoE
1197,https://go.shopmy.us/p-9009999,go.shopmy.us,/p-9009999
1198,https://shopstyle.it/l/chCtI,shopstyle.it,/l/chCtI
1199,https://us.soeur.fr/products/chemise-antoine-charbon-che1509antoine24wgri25?utm_source=affilae_content&utm_medium=affiliate&utm_campaign=SMTM&ae=433&aev=Laura-NL-S039893-2024-10-27,us.soeur.fr,/products/chemise-antoine-charbon-che1509antoine24wgri25?utm_source=affilae_content&utm_medium=affiliate&utm_campaign=SMTM&ae=433&aev=Laura-NL-S039893-2024-10-27
1200,https://shopstyle.it/l/chCvz,shopstyle.it,/l/chCvz
